{
    "type": "FeatureCollection",
    "features": [
        {
            "type": "Feature",
            "id": "4",
            "properties": {
                "id": "4"
            },
            "geometry": {
                "type": "Polygon",
                "coordinates": [
                    [
                        [
                            116991.6029042816,
                            60325.89384969224
                        ],
                        [
                            116941.615289032,
                            60116.9126089581
                        ],
                        [
                            116898.7893534643,
                            59937.86936367248
                        ],
                        [
                            116898.1667857033,
                            59928.78705551737
                        ],
                        [
                            116966.8156544615,
                            59846.14110333435
                        ],
                        [
                            116924.0389842223,
                            59788.4771616275
                        ],
                        [
                            116689.0173325267,
                            59670.88466539318
                        ],
                        [
                            116688.5679165754,
                            59668.03361152904
                        ],
                        [
                            116673.5902817991,
                            59661.29964447781
                        ],
                        [
                            117039.3644768348,
                            59147.18442319982
                        ],
                        [
                            117243.0993915258,
                            58860.82418428399
                        ],
                        [
                            117332.3957214428,
                            58874.16557956647
                        ],
                        [
                            117439.0258272426,
                            58895.84627282268
                        ],
                        [
                            117449.2366767289,
                            58882.35531155164
                        ],
                        [
                            117519.4665586378,
                            58913.67877139721
                        ],
                        [
                            117589.8478235566,
                            59447.64041924331
                        ],
                        [
                            117128.4448699471,
                            60029.25668995945
                        ],
                        [
                            117031.5066625064,
                            60321.73097063355
                        ],
                        [
                            116991.6029042819,
                            60325.89384969503
                        ],
                        [
                            116991.6029042816,
                            60325.89384969224
                        ]
                    ]
                ]
            }
        },
        {
            "type": "Feature",
            "id": "7",
            "properties": {
                "id": "7"
            },
            "geometry": {
                "type": "Polygon",
                "coordinates": [
                    [
                        [
                            111980.2464268502,
                            60995.87613921674
                        ],
                        [
                            111817.5004665351,
                            61193.5417333395
                        ],
                        [
                            112051.074606583,
                            61270.73118902726
                        ],
                        [
                            112202.1828905332,
                            61192.58040398461
                        ],
                        [
                            111980.2464268502,
                            60995.87613921674
                        ]
                    ]
                ]
            }
        },
        {
            "type": "Feature",
            "id": "5",
            "properties": {
                "id": "5"
            },
            "geometry": {
                "type": "Polygon",
                "coordinates": [
                    [
                        [
                            112398.4119954145,
                            60713.17244058584
                        ],
                        [
                            112295.6750722884,
                            60700.97799596766
                        ],
                        [
                            112268.8803916829,
                            60699.21219584514
                        ],
                        [
                            112220.8506981323,
                            60691.5820043203
                        ],
                        [
                            112201.7668598086,
                            60719.73507435735
                        ],
                        [
                            112178.8583030793,
                            60750.72432421599
                        ],
                        [
                            111997.9886331391,
                            60994.66446734211
                        ],
                        [
                            112219.9250968221,
                            61191.36873210998
                        ],
                        [
                            112559.8423222057,
                            60996.59000103567
                        ],
                        [
                            112398.4119954145,
                            60713.17244058584
                        ]
                    ]
                ]
            }
        },
        {
            "type": "Feature",
            "id": "6",
            "properties": {
                "id": "6"
            },
            "geometry": {
                "type": "Polygon",
                "coordinates": [
                    [
                        [
                            112399.0869028631,
                            60717.2284907821
                        ],
                        [
                            112397.8235753015,
                            60712.13924881431
                        ],
                        [
                            112425.2822269775,
                            60714.72404030741
                        ],
                        [
                            112464.5518415473,
                            60719.40390667188
                        ],
                        [
                            112469.2402706868,
                            60720.02102435278
                        ],
                        [
                            112478.6670476119,
                            60718.89303646777
                        ],
                        [
                            112489.7052137612,
                            60714.74414009884
                        ],
                        [
                            112496.1492588324,
                            60703.52113527182
                        ],
                        [
                            112509.5308464894,
                            60687.31848013935
                        ],
                        [
                            112510.1345752794,
                            60686.58351001086
                        ],
                        [
                            112521.3679327256,
                            60668.62092869389
                        ],
                        [
                            112533.7248742671,
                            60653.51863081692
                        ],
                        [
                            112553.2418610864,
                            60634.52058548526
                        ],
                        [
                            112570.5668164794,
                            60618.90260097731
                        ],
                        [
                            112576.6597385351,
                            60612.3579897833
                        ],
                        [
                            112592.6742954635,
                            60580.40346303981
                        ],
                        [
                            112605.2634547779,
                            60568.55193820298
                        ],
                        [
                            112617.6673509328,
                            60560.85136907883
                        ],
                        [
                            112621.4857292365,
                            60558.26550694963
                        ],
                        [
                            112633.4560238759,
                            60554.81754536783
                        ],
                        [
                            112640.63855234,
                            60552.77403346054
                        ],
                        [
                            112643.7057245011,
                            60549.82397603196
                        ],
                        [
                            112653.8792135632,
                            60542.02277455237
                        ],
                        [
                            112658.2026967144,
                            60539.19211657112
                        ],
                        [
                            112662.7728182502,
                            60536.22673009169
                        ],
                        [
                            112663.9466096573,
                            60536.37790385598
                        ],
                        [
                            112669.1718971387,
                            60537.63229751156
                        ],
                        [
                            112671.617813926,
                            60538.40839981702
                        ],
                        [
                            112674.8278373537,
                            60540.43920031817
                        ],
                        [
                            112684.908651148,
                            60546.65020781708
                        ],
                        [
                            112700.0566661914,
                            60547.80353567514
                        ],
                        [
                            112712.1513580655,
                            60552.75321730157
                        ],
                        [
                            112721.2654439698,
                            60556.36085158362
                        ],
                        [
                            112721.911271726,
                            60555.2087611403
                        ],
                        [
                            112728.9575551225,
                            60554.78394028927
                        ],
                        [
                            112755.6101291357,
                            60560.72045627792
                        ],
                        [
                            112763.2374366707,
                            60563.46991345158
                        ],
                        [
                            112769.7818013994,
                            60564.27249977959
                        ],
                        [
                            112782.8224439046,
                            60550.96690509949
                        ],
                        [
                            112783.7699117785,
                            60549.18907922114
                        ],
                        [
                            112783.4506796029,
                            60540.54803121641
                        ],
                        [
                            112787.2131254749,
                            60535.23521724877
                        ],
                        [
                            112792.2877516318,
                            60536.05424411168
                        ],
                        [
                            112794.1447029553,
                            60538.22861700486
                        ],
                        [
                            112797.2741292669,
                            60539.82611873027
                        ],
                        [
                            112802.5246249483,
                            60540.06289739323
                        ],
                        [
                            112805.1768845605,
                            60539.41378135839
                        ],
                        [
                            112805.1595804324,
                            60538.87613464863
                        ],
                        [
                            112807.3344164677,
                            60537.69256208163
                        ],
                        [
                            112810.3649537916,
                            60536.43259945657
                        ],
                        [
                            112814.2213224317,
                            60535.91331579045
                        ],
                        [
                            112816.821828201,
                            60530.64399580422
                        ],
                        [
                            112824.0831325023,
                            60524.20709414744
                        ],
                        [
                            112828.6237972047,
                            60522.65667902924
                        ],
                        [
                            112831.5932407724,
                            60522.28295181983
                        ],
                        [
                            112842.3984414655,
                            60521.8066538398
                        ],
                        [
                            112853.4024780783,
                            60519.14176640159
                        ],
                        [
                            112856.9845339783,
                            60515.3111799928
                        ],
                        [
                            112872.890466308,
                            60507.07734058693
                        ],
                        [
                            112888.5415236523,
                            60492.84046896121
                        ],
                        [
                            112898.2145632873,
                            60483.80299152078
                        ],
                        [
                            112929.0168916109,
                            60479.57458882834
                        ],
                        [
                            112938.3266671985,
                            60478.66708550902
                        ],
                        [
                            112946.1634513881,
                            60479.00375785731
                        ],
                        [
                            112957.5493037072,
                            60480.95904003867
                        ],
                        [
                            112948.4142635865,
                            60507.88382741398
                        ],
                        [
                            112944.2868067075,
                            60531.88667189694
                        ],
                        [
                            112942.6092144802,
                            60550.1787316321
                        ],
                        [
                            112941.2044043157,
                            60572.00069151461
                        ],
                        [
                            112949.1820417068,
                            60587.64822102887
                        ],
                        [
                            112950.8964144595,
                            60590.92934050195
                        ],
                        [
                            112950.3476889834,
                            60594.32725806697
                        ],
                        [
                            112949.2872889233,
                            60607.80322121461
                        ],
                        [
                            112949.975959287,
                            60620.88763547951
                        ],
                        [
                            112948.9873774351,
                            60629.14000720612
                        ],
                        [
                            112946.3788950013,
                            60636.18639630847
                        ],
                        [
                            112941.9462709867,
                            60643.65917205094
                        ],
                        [
                            112932.4685151229,
                            60655.84747843437
                        ],
                        [
                            112914.8820062511,
                            60677.21165936657
                        ],
                        [
                            112910.5997713827,
                            60681.09485483824
                        ],
                        [
                            112897.6178349804,
                            60688.87968978166
                        ],
                        [
                            112893.9856371406,
                            60693.24888850125
                        ],
                        [
                            112888.0744942194,
                            60706.90926874456
                        ],
                        [
                            112887.4625418821,
                            60710.67552568119
                        ],
                        [
                            112887.6802231925,
                            60717.00222218719
                        ],
                        [
                            112885.8194688768,
                            60720.56313224819
                        ],
                        [
                            112876.8645834249,
                            60728.72765671037
                        ],
                        [
                            112874.6690210648,
                            60731.01389947962
                        ],
                        [
                            112870.8842650379,
                            60742.8399932173
                        ],
                        [
                            112867.9738367939,
                            60767.38392475642
                        ],
                        [
                            112867.3591564814,
                            60774.56041768764
                        ],
                        [
                            112867.5558007712,
                            60789.37871167511
                        ],
                        [
                            112867.8935734998,
                            60802.4344804729
                        ],
                        [
                            112868.4420727296,
                            60816.65877245785
                        ],
                        [
                            112566.7602591125,
                            60990.956602811
                        ],
                        [
                            112559.2478881709,
                            60995.54637405841
                        ],
                        [
                            112533.653643606,
                            60951.13588082502
                        ],
                        [
                            112500.9057897452,
                            60894.2602833471
                        ],
                        [
                            112439.4868526521,
                            60787.55596175167
                        ],
                        [
                            112402.6989105957,
                            60723.75722120481
                        ],
                        [
                            112399.0869028631,
                            60717.2284907821
                        ]
                    ]
                ]
            }
        },
        {
            "type": "Feature",
            "id": "1",
            "properties": {
                "id": "1"
            },
            "geometry": {
                "type": "Polygon",
                "coordinates": [
                    [
                        [
                            116312.8903127788,
                            60309.75544319792
                        ],
                        [
                            116167.4160447685,
                            60304.96513332614
                        ],
                        [
                            116026.0346364702,
                            60300.36990901725
                        ],
                        [
                            115771.0208090038,
                            60299.13959246697
                        ],
                        [
                            115456.3380314607,
                            60297.58109882519
                        ],
                        [
                            115104.1342965805,
                            60284.77888058504
                        ],
                        [
                            115109.7722172436,
                            60271.89764566727
                        ],
                        [
                            115096.8566558357,
                            60271.49651350629
                        ],
                        [
                            114936.4564682283,
                            60263.50351136575
                        ],
                        [
                            114517.6463928357,
                            60242.4143589356
                        ],
                        [
                            114504.8832354267,
                            60242.7578070495
                        ],
                        [
                            114401.5026906434,
                            60238.64443209779
                        ],
                        [
                            113761.6582117386,
                            60206.27448543141
                        ],
                        [
                            113734.8947042021,
                            60205.10989421859
                        ],
                        [
                            113654.3423794952,
                            60260.06640435777
                        ],
                        [
                            112862.8822228911,
                            60824.78815600887
                        ],
                        [
                            112467.2296262422,
                            61044.11894216063
                        ],
                        [
                            112454.9680607911,
                            61051.06973961163
                        ],
                        [
                            112067.5815428449,
                            61268.4278074892
                        ],
                        [
                            112034.0821781398,
                            61257.1632244837
                        ],
                        [
                            111834.6504577129,
                            61191.40640503156
                        ],
                        [
                            111988.5485361698,
                            60991.47324001386
                        ],
                        [
                            111982.4147631865,
                            60986.90834327141
                        ],
                        [
                            111643.8978904803,
                            60836.92890893992
                        ],
                        [
                            111600.9712037174,
                            60816.7803201409
                        ],
                        [
                            111599.9212205776,
                            60819.41764681803
                        ],
                        [
                            111598.7083870197,
                            60822.13840164959
                        ],
                        [
                            111486.0606109111,
                            61073.35462574186
                        ],
                        [
                            111474.1650809405,
                            61097.71982292681
                        ],
                        [
                            111465.511666637,
                            61105.14595700594
                        ],
                        [
                            111404.8638314175,
                            61244.8864519236
                        ],
                        [
                            111467.3893298546,
                            61273.48327147539
                        ],
                        [
                            111547.3546759631,
                            61310.78329633675
                        ],
                        [
                            111606.7249764963,
                            61338.51011547439
                        ],
                        [
                            111643.0462678033,
                            61355.27346146062
                        ],
                        [
                            111717.46315932,
                            61390.13977316152
                        ],
                        [
                            111790.2093658909,
                            61422.17114849822
                        ],
                        [
                            111862.1071040162,
                            61453.92417771859
                        ],
                        [
                            111899.1384209107,
                            61474.2852471694
                        ],
                        [
                            111951.7262687168,
                            61505.59262482315
                        ],
                        [
                            111985.3775642803,
                            61525.57260594745
                        ],
                        [
                            112017.7625280891,
                            61547.70869547308
                        ],
                        [
                            112049.3234722702,
                            61572.59334255968
                        ],
                        [
                            112186.0397357819,
                            61665.86581419661
                        ],
                        [
                            112385.6186027803,
                            61799.20191608046
                        ],
                        [
                            112388.2231608086,
                            61801.0467538572
                        ],
                        [
                            112427.1786556821,
                            61827.16787751905
                        ],
                        [
                            112458.2625832522,
                            61840.26627755505
                        ],
                        [
                            112515.0134034692,
                            61854.56756919561
                        ],
                        [
                            112580.9511869595,
                            61857.81413953821
                        ],
                        [
                            112577.3936340987,
                            61864.03776858552
                        ],
                        [
                            112599.7186114675,
                            61866.79536920118
                        ],
                        [
                            112684.1882845398,
                            61828.99387902366
                        ],
                        [
                            112740.7007979181,
                            61863.80334886018
                        ],
                        [
                            112737.704111578,
                            61873.53522523664
                        ],
                        [
                            112735.7185216256,
                            61883.27997740837
                        ],
                        [
                            112734.532800491,
                            61893.15856939377
                        ],
                        [
                            112734.0941347589,
                            61903.35552602645
                        ],
                        [
                            112734.2642598641,
                            61913.28036749155
                        ],
                        [
                            112734.9051860807,
                            61933.16999517928
                        ],
                        [
                            112735.6383789936,
                            61943.30538103815
                        ],
                        [
                            112737.2251880756,
                            61953.19204749038
                        ],
                        [
                            112740.2432320686,
                            61962.77962369882
                        ],
                        [
                            112741.0378792507,
                            61964.88184493428
                        ],
                        [
                            112742.6850159342,
                            61968.07963107117
                        ],
                        [
                            112746.1630593737,
                            61973.47877889626
                        ],
                        [
                            112749.6678001539,
                            61978.29505937224
                        ],
                        [
                            112762.9719936597,
                            61995.06265316671
                        ],
                        [
                            112786.8896770874,
                            62023.38642224057
                        ],
                        [
                            112815.3009995878,
                            62056.55913517624
                        ],
                        [
                            112872.9942408508,
                            62119.68835556063
                        ],
                        [
                            112969.6191651763,
                            62228.0696697212
                        ],
                        [
                            113036.497575076,
                            62302.03896106289
                        ],
                        [
                            113048.2403699671,
                            62318.30019716467
                        ],
                        [
                            113057.0209931501,
                            62340.34978036217
                        ],
                        [
                            113070.2388228693,
                            62361.86357347772
                        ],
                        [
                            113103.7954092196,
                            62419.80596926515
                        ],
                        [
                            113133.1496053843,
                            62473.08530596095
                        ],
                        [
                            113139.9030109491,
                            62485.48497429229
                        ],
                        [
                            113154.7854028535,
                            62515.78595155979
                        ],
                        [
                            113172.4885924466,
                            62525.68899188061
                        ],
                        [
                            113243.0786765734,
                            62400.38174986009
                        ],
                        [
                            113226.3028366154,
                            62369.87923952496
                        ],
                        [
                            113284.6816617914,
                            62298.39658326257
                        ],
                        [
                            113425.404381258,
                            62346.24219717463
                        ],
                        [
                            113496.985865352,
                            62312.57376671843
                        ],
                        [
                            113771.0907986066,
                            62184.28211347324
                        ],
                        [
                            113784.3221790757,
                            62178.08895233404
                        ],
                        [
                            113930.7765536643,
                            61850.25200490329
                        ],
                        [
                            114044.0202467017,
                            61596.39501959825
                        ],
                        [
                            114063.020371753,
                            61557.48400067558
                        ],
                        [
                            114081.8415984676,
                            61516.10069177753
                        ],
                        [
                            114099.5270702288,
                            61511.2273130526
                        ],
                        [
                            114098.3284138625,
                            61476.44796841809
                        ],
                        [
                            114106.2147916716,
                            61451.59851702048
                        ],
                        [
                            114102.8890471563,
                            61361.37622265395
                        ],
                        [
                            114089.5554186499,
                            61344.34528358689
                        ],
                        [
                            114130.6068776567,
                            61344.3001254063
                        ],
                        [
                            114160.2896741809,
                            61346.93454524248
                        ],
                        [
                            114190.7173892638,
                            61354.9194142924
                        ],
                        [
                            114218.5940977423,
                            61368.07050864053
                        ],
                        [
                            114243.5637130771,
                            61385.77421644377
                        ],
                        [
                            114265.0321109754,
                            61407.72266867737
                        ],
                        [
                            114412.5408480403,
                            61450.2913862345
                        ],
                        [
                            114443.0985331101,
                            61409.53481702582
                        ],
                        [
                            114487.483315568,
                            61434.51970599135
                        ],
                        [
                            114500.9839771572,
                            61418.36998705063
                        ],
                        [
                            114538.7497766213,
                            61445.04761604382
                        ],
                        [
                            114624.5264781245,
                            61506.30364914127
                        ],
                        [
                            114644.6708264861,
                            61478.55825595097
                        ],
                        [
                            114711.6652882034,
                            61383.85462696096
                        ],
                        [
                            114739.9581710498,
                            61347.5329170649
                        ],
                        [
                            114756.7315611723,
                            61325.03276001608
                        ],
                        [
                            114776.733768619,
                            61333.5519453606
                        ],
                        [
                            114785.3462144418,
                            61336.87477253727
                        ],
                        [
                            115287.8354330007,
                            61521.23088565004
                        ],
                        [
                            115304.815698465,
                            61527.9351641998
                        ],
                        [
                            115296.0159314562,
                            61619.7644275336
                        ],
                        [
                            115296.2233600267,
                            61687.48411209274
                        ],
                        [
                            115318.8897777289,
                            61768.44581139199
                        ],
                        [
                            115334.8610451725,
                            61823.29686221423
                        ],
                        [
                            115345.6829802029,
                            61831.05894627438
                        ],
                        [
                            115438.7244723195,
                            61825.95477183456
                        ],
                        [
                            115476.8887253202,
                            61838.89990395143
                        ],
                        [
                            115547.0296969855,
                            61882.22165216196
                        ],
                        [
                            115614.0170606178,
                            61939.83147236774
                        ],
                        [
                            115742.7004649569,
                            62020.64053529002
                        ],
                        [
                            115846.1959742336,
                            62082.84534769056
                        ],
                        [
                            115905.5071249043,
                            62100.90861486481
                        ],
                        [
                            116135.6083384192,
                            62187.95340492581
                        ],
                        [
                            116265.5275100701,
                            62237.40799097599
                        ],
                        [
                            116331.7334800695,
                            62249.65342005129
                        ],
                        [
                            116380.9202459231,
                            62250.13381547184
                        ],
                        [
                            116438.0115421968,
                            62233.56934833319
                        ],
                        [
                            116497.6450416114,
                            62194.95695547116
                        ],
                        [
                            116606.9480867297,
                            62095.50146235342
                        ],
                        [
                            116612.5394699211,
                            62088.92820901459
                        ],
                        [
                            116631.5234067163,
                            62107.55228418262
                        ],
                        [
                            117064.6127013583,
                            62561.11287166406
                        ],
                        [
                            117154.6176161427,
                            62654.90633935915
                        ],
                        [
                            117164.1221471333,
                            62625.8787707735
                        ],
                        [
                            117168.426447179,
                            62612.73391299114
                        ],
                        [
                            117172.3731426039,
                            62616.43826471551
                        ],
                        [
                            117189.5174404264,
                            62629.79960738299
                        ],
                        [
                            117204.7250046449,
                            62645.44554045744
                        ],
                        [
                            117224.7743791922,
                            62659.88848768507
                        ],
                        [
                            117237.7126537242,
                            62668.44670501333
                        ],
                        [
                            117250.6037439625,
                            62675.89621804652
                        ],
                        [
                            117266.5336196813,
                            62687.22525589383
                        ],
                        [
                            117277.4687250829,
                            62694.21956949122
                        ],
                        [
                            117296.5024147643,
                            62705.22784442746
                        ],
                        [
                            117332.4140047013,
                            62720.31282113669
                        ],
                        [
                            117356.9529316584,
                            62738.07733679356
                        ],
                        [
                            117368.706896428,
                            62743.56831598884
                        ],
                        [
                            117392.784031571,
                            62757.92157304822
                        ],
                        [
                            117404.3822900886,
                            62756.00540465474
                        ],
                        [
                            117410.6865589878,
                            62732.97490415208
                        ],
                        [
                            117415.1564064207,
                            62713.42825655263
                        ],
                        [
                            117417.0096672457,
                            62705.55762393657
                        ],
                        [
                            117423.6131277173,
                            62685.8937845049
                        ],
                        [
                            117423.7088172647,
                            62665.34320438905
                        ],
                        [
                            117429.1953517326,
                            62650.8695987761
                        ],
                        [
                            117435.8677989035,
                            62626.39537624189
                        ],
                        [
                            117441.9965442452,
                            62608.33025259921
                        ],
                        [
                            117441.8303652457,
                            62592.98325854673
                        ],
                        [
                            117452.4801911133,
                            62577.57186448124
                        ],
                        [
                            117473.7620927196,
                            62563.82565435735
                        ],
                        [
                            117488.301833932,
                            62556.90810972489
                        ],
                        [
                            117483.8283895939,
                            62528.9972968985
                        ],
                        [
                            117502.9576435852,
                            62517.9316558562
                        ],
                        [
                            117511.5941851846,
                            62486.01597723673
                        ],
                        [
                            117527.7439272216,
                            62460.29102209091
                        ],
                        [
                            117510.7334594002,
                            62425.54628879031
                        ],
                        [
                            117558.5297634961,
                            62332.06546578143
                        ],
                        [
                            117577.2222460865,
                            62297.20733317502
                        ],
                        [
                            117566.9115902671,
                            62265.39766573194
                        ],
                        [
                            117571.6901581606,
                            62252.33845780954
                        ],
                        [
                            117586.9833971097,
                            62240.47118344833
                        ],
                        [
                            117583.6874369349,
                            62229.84466526416
                        ],
                        [
                            117578.7210858911,
                            62224.03389425889
                        ],
                        [
                            117574.2141256126,
                            62211.63916268703
                        ],
                        [
                            117579.6579350955,
                            62199.69669591494
                        ],
                        [
                            117587.3054297555,
                            62195.41443004971
                        ],
                        [
                            117605.2153257628,
                            62187.22551439678
                        ],
                        [
                            117616.1576594224,
                            62172.89521404858
                        ],
                        [
                            117622.2731118843,
                            62167.04664429864
                        ],
                        [
                            117646.0128917867,
                            62163.19960903289
                        ],
                        [
                            117656.6803302102,
                            62155.50908304359
                        ],
                        [
                            117662.9601947729,
                            62136.71827560622
                        ],
                        [
                            117678.7919037219,
                            62125.94149875859
                        ],
                        [
                            117679.0146390185,
                            62139.18458288382
                        ],
                        [
                            117686.4778730358,
                            62143.0153000175
                        ],
                        [
                            117697.9155045846,
                            62139.0091040313
                        ],
                        [
                            117704.5809491834,
                            62136.65567254629
                        ],
                        [
                            117712.3261492723,
                            62127.28524298491
                        ],
                        [
                            117731.679578527,
                            62125.73088033668
                        ],
                        [
                            117740.1311993801,
                            62118.99592765565
                        ],
                        [
                            117751.3173483372,
                            62106.53341838093
                        ],
                        [
                            117745.5478350778,
                            62107.4802893046
                        ],
                        [
                            117740.2525297227,
                            62097.66342614455
                        ],
                        [
                            117760.8642847678,
                            62088.01357216935
                        ],
                        [
                            117761.6417258434,
                            62075.3893903458
                        ],
                        [
                            117760.1747689751,
                            62064.29162815169
                        ],
                        [
                            117767.3557658428,
                            62056.87511859596
                        ],
                        [
                            117750.0541493285,
                            62038.62716629635
                        ],
                        [
                            117634.2483365512,
                            61916.48953617788
                        ],
                        [
                            117480.9024606736,
                            61764.83885842006
                        ],
                        [
                            117318.8723618119,
                            61601.85289245728
                        ],
                        [
                            117297.1407109406,
                            61586.3762913773
                        ],
                        [
                            117688.8459042907,
                            61267.7621500923
                        ],
                        [
                            117737.6915603073,
                            61264.69743592755
                        ],
                        [
                            118115.2229802148,
                            61279.19006902895
                        ],
                        [
                            118114.7238832094,
                            61289.32742247963
                        ],
                        [
                            118307.2107935398,
                            61284.14284434618
                        ],
                        [
                            118193.4759922495,
                            61008.94681347329
                        ],
                        [
                            118148.9662340409,
                            60911.14270747143
                        ],
                        [
                            118143.79418511,
                            60898.84450276902
                        ],
                        [
                            118059.3888167472,
                            60697.897173271
                        ],
                        [
                            117990.1937509543,
                            60631.41890627836
                        ],
                        [
                            117987.3428351863,
                            60628.68346726717
                        ],
                        [
                            117994.7723571204,
                            60622.95975633051
                        ],
                        [
                            117972.8004912456,
                            60601.96959844088
                        ],
                        [
                            117703.2399051493,
                            60344.44487057116
                        ],
                        [
                            116992.5788043866,
                            60325.49737537563
                        ],
                        [
                            116870.5883297672,
                            60322.28948051463
                        ],
                        [
                            116619.1428688096,
                            60315.65575482584
                        ],
                        [
                            116312.8903110231,
                            60309.75544314165
                        ],
                        [
                            116312.8903127788,
                            60309.75544319792
                        ]
                    ]
                ]
            }
        },
        {
            "type": "Feature",
            "id": "3",
            "properties": {
                "id": "3"
            },
            "geometry": {
                "type": "Polygon",
                "coordinates": [
                    [
                        [
                            117372.7940469369,
                            62839.28229517735
                        ],
                        [
                            117355.2869941084,
                            62886.59583395855
                        ],
                        [
                            117341.5132130754,
                            62909.38581798838
                        ],
                        [
                            117352.6451494927,
                            62947.64844553659
                        ],
                        [
                            117317.9826679072,
                            62987.29120911474
                        ],
                        [
                            117282.4848005462,
                            63098.70203244216
                        ],
                        [
                            117284.5400792917,
                            63145.33520211729
                        ],
                        [
                            117291.4995312068,
                            63202.88891363703
                        ],
                        [
                            117276.7397539878,
                            63227.62684989951
                        ],
                        [
                            117269.6023339274,
                            63246.31058812082
                        ],
                        [
                            117265.4797044742,
                            63276.82570693293
                        ],
                        [
                            117266.1531097069,
                            63299.55718008065
                        ],
                        [
                            117269.4960849704,
                            63340.20219127711
                        ],
                        [
                            117254.6336031043,
                            63380.43005487589
                        ],
                        [
                            117231.3716909198,
                            63413.2154194913
                        ],
                        [
                            117210.4068076888,
                            63459.13355380249
                        ],
                        [
                            117187.1214238751,
                            63516.29395717904
                        ],
                        [
                            117183.3912885541,
                            63541.47230438206
                        ],
                        [
                            117182.9422383792,
                            63563.42021862178
                        ],
                        [
                            117188.2716798051,
                            63613.43116906003
                        ],
                        [
                            117185.9415527436,
                            63642.10268859333
                        ],
                        [
                            117193.1647892793,
                            63693.67625244004
                        ],
                        [
                            117167.98323268,
                            63737.70628186788
                        ],
                        [
                            117143.3985184489,
                            63751.80384867034
                        ],
                        [
                            117102.5360650807,
                            63746.9761950775
                        ],
                        [
                            117077.3729938754,
                            63712.07137095987
                        ],
                        [
                            117076.9904803131,
                            63695.80215823178
                        ],
                        [
                            117075.4797004808,
                            63694.68464351088
                        ],
                        [
                            117061.3791888911,
                            63688.7785434301
                        ],
                        [
                            117017.4105253344,
                            63678.96499646277
                        ],
                        [
                            117013.6815228861,
                            63678.50708909273
                        ],
                        [
                            116973.2461983268,
                            63677.50513380681
                        ],
                        [
                            116958.3225109239,
                            63675.67179031348
                        ],
                        [
                            116936.418396683,
                            63670.78057948909
                        ],
                        [
                            116929.5864422779,
                            63670.49518976186
                        ],
                        [
                            116897.9653521109,
                            63674.82880316289
                        ],
                        [
                            116854.9674129829,
                            63653.54348323017
                        ],
                        [
                            116826.6205421213,
                            63650.01959397716
                        ],
                        [
                            116801.8090448826,
                            63640.59948434561
                        ],
                        [
                            116791.8967567538,
                            63633.7885123946
                        ],
                        [
                            116787.0098037296,
                            63634.73485433732
                        ],
                        [
                            116770.1467673925,
                            63651.96251676993
                        ],
                        [
                            116718.615634521,
                            63655.27001749209
                        ],
                        [
                            116693.460511803,
                            63635.42659280575
                        ],
                        [
                            116636.4356169877,
                            63631.13193693149
                        ],
                        [
                            116583.7913418894,
                            63616.74215879727
                        ],
                        [
                            116542.7967201986,
                            63582.89441500898
                        ],
                        [
                            116518.3969495733,
                            63577.36553094381
                        ],
                        [
                            116476.282131893,
                            63539.32801075306
                        ],
                        [
                            116428.4291480471,
                            63518.05236336366
                        ],
                        [
                            116384.579986199,
                            63514.69377462085
                        ],
                        [
                            116350.8723045122,
                            63512.35787384192
                        ],
                        [
                            116339.2678090801,
                            63520.41695133089
                        ],
                        [
                            116242.9709328523,
                            63522.32120673082
                        ],
                        [
                            116219.4952938464,
                            63507.35783843739
                        ],
                        [
                            116186.5412276706,
                            63496.52780977264
                        ],
                        [
                            116137.0423231671,
                            63470.98389832666
                        ],
                        [
                            116103.1153914311,
                            63419.20311015657
                        ],
                        [
                            116120.4995120078,
                            63382.37781584315
                        ],
                        [
                            116125.3926581608,
                            63332.1696629051
                        ],
                        [
                            116123.0288355479,
                            63242.71876095478
                        ],
                        [
                            116120.7629101527,
                            63232.16071202873
                        ],
                        [
                            116111.4441341322,
                            63158.51798795218
                        ],
                        [
                            116086.2281754342,
                            63095.52183921291
                        ],
                        [
                            116043.8724896315,
                            63050.62468130201
                        ],
                        [
                            116023.3318440613,
                            63019.48006656012
                        ],
                        [
                            115998.8460128825,
                            62963.14015636816
                        ],
                        [
                            115985.7824829196,
                            62940.08784926859
                        ],
                        [
                            115987.5749806353,
                            62908.73925030266
                        ],
                        [
                            115984.0805958902,
                            62894.86812850497
                        ],
                        [
                            115966.2119287095,
                            62855.08045960727
                        ],
                        [
                            115957.2478271446,
                            62837.50907828356
                        ],
                        [
                            115938.9111192129,
                            62803.72059386109
                        ],
                        [
                            115935.5836826825,
                            62776.66814411238
                        ],
                        [
                            115935.7061937012,
                            62756.01322447608
                        ],
                        [
                            115907.0524830144,
                            62702.77396046817
                        ],
                        [
                            115894.1271846375,
                            62688.57679047772
                        ],
                        [
                            115882.7877850429,
                            62666.94954425103
                        ],
                        [
                            115877.321780289,
                            62643.31482222388
                        ],
                        [
                            115883.2306767699,
                            62612.57360899225
                        ],
                        [
                            115878.8096763709,
                            62604.58363911689
                        ],
                        [
                            115846.5374253808,
                            62591.26719797053
                        ],
                        [
                            115796.5299596123,
                            62535.89848836909
                        ],
                        [
                            115738.9640926317,
                            62448.09110627657
                        ],
                        [
                            115786.6360046748,
                            62147.47153691669
                        ],
                        [
                            115795.1565553375,
                            62109.57074511052
                        ],
                        [
                            115830.588839388,
                            62131.95499015334
                        ],
                        [
                            115860.2985010525,
                            62146.71072862369
                        ],
                        [
                            115883.4550594973,
                            62158.66631090783
                        ],
                        [
                            115915.5333567636,
                            62174.46952781673
                        ],
                        [
                            116026.3747714091,
                            62215.17115861733
                        ],
                        [
                            116125.1272712782,
                            62245.32971698259
                        ],
                        [
                            116262.7988433114,
                            62287.43437451157
                        ],
                        [
                            116347.3080213608,
                            62306.25860943037
                        ],
                        [
                            116381.1296219729,
                            62306.28671509888
                        ],
                        [
                            116476.8728837121,
                            62261.87713063311
                        ],
                        [
                            116507.8240045111,
                            62240.29748859627
                        ],
                        [
                            116535.283030818,
                            62218.90093890922
                        ],
                        [
                            116561.1396735384,
                            62195.59917447107
                        ],
                        [
                            116615.0846979004,
                            62141.17820686241
                        ],
                        [
                            116626.9873122816,
                            62129.16118260381
                        ],
                        [
                            117154.8881294469,
                            62666.2284568234
                        ],
                        [
                            117166.3724999736,
                            62632.74919498915
                        ],
                        [
                            117301.8782680088,
                            62723.29333431478
                        ],
                        [
                            117340.0016407483,
                            62745.45762326645
                        ],
                        [
                            117403.356622344,
                            62786.07291403497
                        ],
                        [
                            117372.7940469369,
                            62839.28229517735
                        ]
                    ]
                ]
            }
        },
        {
            "type": "Feature",
            "id": "2",
            "properties": {
                "id": "2"
            },
            "geometry": {
                "type": "Polygon",
                "coordinates": [
                    [
                        [
                            113238.0657705141,
                            62385.9169913495
                        ],
                        [
                            113274.2988070478,
                            62392.64896247618
                        ],
                        [
                            113292.4153253139,
                            62396.01494804101
                        ],
                        [
                            113301.4735844469,
                            62397.69794082388
                        ],
                        [
                            113306.0027140132,
                            62398.53943721387
                        ],
                        [
                            113308.2672787964,
                            62398.96018540982
                        ],
                        [
                            113309.3995611881,
                            62399.17055950634
                        ],
                        [
                            113309.682631786,
                            62399.22315303366
                        ],
                        [
                            113309.8241670849,
                            62399.24944979684
                        ],
                        [
                            113309.8293264239,
                            62399.25083261171
                        ],
                        [
                            113309.8308168041,
                            62399.25155741631
                        ],
                        [
                            113309.8427358079,
                            62399.25735296986
                        ],
                        [
                            113310.2203810979,
                            62399.44013745114
                        ],
                        [
                            113310.5908282663,
                            62399.61781130328
                        ],
                        [
                            113310.9542242667,
                            62399.79048372019
                        ],
                        [
                            113311.3107160534,
                            62399.95826390074
                        ],
                        [
                            113311.6604505807,
                            62400.12126103784
                        ],
                        [
                            113312.0035748025,
                            62400.27958432251
                        ],
                        [
                            113312.3402356732,
                            62400.43334295554
                        ],
                        [
                            113312.6705801467,
                            62400.58264612598
                        ],
                        [
                            113312.9947551772,
                            62400.72760303265
                        ],
                        [
                            113313.3129077189,
                            62400.86832286852
                        ],
                        [
                            113313.6251847259,
                            62401.00491483238
                        ],
                        [
                            113313.931733152,
                            62401.13748811236
                        ],
                        [
                            113314.2326999516,
                            62401.26615190624
                        ],
                        [
                            113314.5282320793,
                            62401.39101541193
                        ],
                        [
                            113314.8184764884,
                            62401.51218781841
                        ],
                        [
                            113315.1035801334,
                            62401.6297783236
                        ],
                        [
                            113315.3836899682,
                            62401.74389612531
                        ],
                        [
                            113315.6589529475,
                            62401.85465041162
                        ],
                        [
                            113315.9295160248,
                            62401.96215038332
                        ],
                        [
                            113316.1955261547,
                            62402.06650523234
                        ],
                        [
                            113316.4571302908,
                            62402.16782415369
                        ],
                        [
                            113316.7144753876,
                            62402.26621634119
                        ],
                        [
                            113316.9677083992,
                            62402.36179099377
                        ],
                        [
                            113317.2169762795,
                            62402.45465730041
                        ],
                        [
                            113317.4624259831,
                            62402.54492446095
                        ],
                        [
                            113317.7042044636,
                            62402.63270166738
                        ],
                        [
                            113318.1773355725,
                            62402.80122299451
                        ],
                        [
                            113318.6375452392,
                            62402.96109485
                        ],
                        [
                            113319.0860090969,
                            62403.11319078526
                        ],
                        [
                            113319.5239027784,
                            62403.25838436069
                        ],
                        [
                            113319.9524019169,
                            62403.39754913747
                        ],
                        [
                            113320.3726821456,
                            62403.53155866911
                        ],
                        [
                            113320.7859190969,
                            62403.66128651488
                        ],
                        [
                            113321.193288404,
                            62403.7876062361
                        ],
                        [
                            113321.5959657002,
                            62403.91139138814
                        ],
                        [
                            113322.3919467911,
                            62404.15485222201
                        ],
                        [
                            113323.1832674333,
                            62404.39865748322
                        ],
                        [
                            113323.9793326911,
                            62404.64979564043
                        ],
                        [
                            113324.382082651,
                            62404.78029764772
                        ],
                        [
                            113324.7892089603,
                            62404.91497825304
                        ],
                        [
                            113325.2007301648,
                            62405.05376494924
                        ],
                        [
                            113325.6165411256,
                            62405.19648409803
                        ],
                        [
                            113326.0365367029,
                            62405.34296205997
                        ],
                        [
                            113326.460611758,
                            62405.49302519677
                        ],
                        [
                            113326.888661151,
                            62405.64649986907
                        ],
                        [
                            113327.3205797432,
                            62405.80321244144
                        ],
                        [
                            113327.7562623948,
                            62405.9629892716
                        ],
                        [
                            113328.195603967,
                            62406.12565672216
                        ],
                        [
                            113329.084843315,
                            62406.45896893591
                        ],
                        [
                            113329.9874566728,
                            62406.80175997088
                        ],
                        [
                            113330.9026029264,
                            62407.1526407221
                        ],
                        [
                            113331.8294409608,
                            62407.51022207682
                        ],
                        [
                            113332.7671296624,
                            62407.87311493296
                        ],
                        [
                            113333.7148279162,
                            62408.23993017872
                        ],
                        [
                            113334.6716946084,
                            62408.60927871014
                        ],
                        [
                            113335.6368886245,
                            62408.97977141639
                        ],
                        [
                            113336.60956885,
                            62409.35001919247
                        ],
                        [
                            113337.588894171,
                            62409.71863292759
                        ],
                        [
                            113338.5740234724,
                            62410.08422351773
                        ],
                        [
                            113339.5641156408,
                            62410.44540184814
                        ],
                        [
                            113340.558329561,
                            62410.80077881877
                        ],
                        [
                            113341.5558391847,
                            62411.14899678299
                        ],
                        [
                            113342.5561734341,
                            62411.48943950823
                        ],
                        [
                            113343.5592209662,
                            62411.82224210984
                        ],
                        [
                            113344.5648864563,
                            62412.14757316348
                        ],
                        [
                            113345.5730745801,
                            62412.46560124293
                        ],
                        [
                            113346.5836900141,
                            62412.77649492586
                        ],
                        [
                            113347.596637433,
                            62413.08042278406
                        ],
                        [
                            113348.6118215129,
                            62413.37755339718
                        ],
                        [
                            113349.6291469298,
                            62413.66805533696
                        ],
                        [
                            113350.6485183589,
                            62413.95209717914
                        ],
                        [
                            113351.6698404763,
                            62414.22984750041
                        ],
                        [
                            113352.6930179575,
                            62414.50147487353
                        ],
                        [
                            113353.7179554783,
                            62414.7671478752
                        ],
                        [
                            113354.7445577142,
                            62415.02703508115
                        ],
                        [
                            113355.772729341,
                            62415.28130506606
                        ],
                        [
                            113356.8023750347,
                            62415.53012640372
                        ],
                        [
                            113357.8333994704,
                            62415.77366766688
                        ],
                        [
                            113358.8657073246,
                            62416.01209743909
                        ],
                        [
                            113359.8992032723,
                            62416.24558428921
                        ],
                        [
                            113360.9337919896,
                            62416.47429679199
                        ],
                        [
                            113363.0058421625,
                            62416.91825587952
                        ],
                        [
                            113365.0807884855,
                            62417.34763378
                        ],
                        [
                            113367.1573791979,
                            62417.76746339922
                        ],
                        [
                            113371.3104745578,
                            62418.59870121379
                        ],
                        [
                            113373.3844695895,
                            62419.02022111522
                        ],
                        [
                            113375.455089778,
                            62419.45241615036
                        ],
                        [
                            113376.4887421786,
                            62419.67409679723
                        ],
                        [
                            113377.5210803155,
                            62419.90034217375
                        ],
                        [
                            113378.5519473376,
                            62420.13178425941
                        ],
                        [
                            113379.5811863941,
                            62420.36905503687
                        ],
                        [
                            113380.6086406334,
                            62420.61278649152
                        ],
                        [
                            113381.6341532055,
                            62420.86361059914
                        ],
                        [
                            113382.6575672585,
                            62421.12215934418
                        ],
                        [
                            113383.6787259419,
                            62421.38906470914
                        ],
                        [
                            113384.6974910608,
                            62421.66488137891
                        ],
                        [
                            113385.7138679009,
                            62421.94956959582
                        ],
                        [
                            113386.72792831,
                            62422.24281383259
                        ],
                        [
                            113387.739744502,
                            62422.5442970391
                        ],
                        [
                            113388.7493886905,
                            62422.853702169
                        ],
                        [
                            113389.7569330894,
                            62423.17071217401
                        ],
                        [
                            113390.7624499124,
                            62423.49501001375
                        ],
                        [
                            113391.7660113734,
                            62423.826278637
                        ],
                        [
                            113392.7676896858,
                            62424.16420099553
                        ],
                        [
                            113393.767557064,
                            62424.50846005186
                        ],
                        [
                            113394.7656857211,
                            62424.8587387489
                        ],
                        [
                            113395.7621478713,
                            62425.21472004625
                        ],
                        [
                            113396.7570157283,
                            62425.57608689466
                        ],
                        [
                            113397.7503615057,
                            62425.94252225077
                        ],
                        [
                            113398.7422574173,
                            62426.31370906436
                        ],
                        [
                            113399.7327756772,
                            62426.68933029309
                        ],
                        [
                            113401.7099680961,
                            62427.45260780577
                        ],
                        [
                            113403.6825164725,
                            62428.22981841362
                        ],
                        [
                            113405.6509985163,
                            62429.01842574322
                        ],
                        [
                            113407.6159919379,
                            62429.81589342818
                        ],
                        [
                            113409.5780744475,
                            62430.61968509518
                        ],
                        [
                            113411.5378237519,
                            62431.42726438367
                        ],
                        [
                            113415.4512463836,
                            62433.04894094428
                        ],
                        [
                            113417.4042303777,
                            62433.8650144152
                        ],
                        [
                            113419.354167768,
                            62434.68628586291
                        ],
                        [
                            113421.3006372631,
                            62435.5140361772
                        ],
                        [
                            113423.2432175707,
                            62436.34954624582
                        ],
                        [
                            113425.1814873999,
                            62437.19409695952
                        ],
                        [
                            113427.115025458,
                            62438.04896920509
                        ],
                        [
                            113429.0434104537,
                            62438.91544387226
                        ],
                        [
                            113430.966221095,
                            62439.79480184786
                        ],
                        [
                            113432.8830363056,
                            62440.68832349804
                        ],
                        [
                            113434.7941996945,
                            62441.59542812437
                        ],
                        [
                            113438.6113723391,
                            62443.42268685342
                        ],
                        [
                            113440.5240357637,
                            62444.32715739319
                        ],
                        [
                            113441.4828423502,
                            62444.7736721737
                        ],
                        [
                            113442.4438533673,
                            62445.21506633419
                        ],
                        [
                            113443.4074847006,
                            62445.65035964957
                        ],
                        [
                            113444.3741522353,
                            62446.07857189457
                        ],
                        [
                            113445.3442718569,
                            62446.49872285091
                        ],
                        [
                            113446.3181820908,
                            62446.91000590904
                        ],
                        [
                            113447.2958069381,
                            62447.31254475079
                        ],
                        [
                            113448.2769321422,
                            62447.70677334319
                        ],
                        [
                            113449.2613433512,
                            62448.09312586789
                        ],
                        [
                            113450.2488262132,
                            62448.47203650373
                        ],
                        [
                            113451.2391663759,
                            62448.84393943531
                        ],
                        [
                            113452.2321494878,
                            62449.20926884041
                        ],
                        [
                            113453.2275611966,
                            62449.56845890374
                        ],
                        [
                            113454.2251871497,
                            62449.92194380008
                        ],
                        [
                            113455.2248129961,
                            62450.27015771905
                        ],
                        [
                            113456.2262234961,
                            62450.61353772028
                        ],
                        [
                            113458.2331661446,
                            62451.28875312441
                        ],
                        [
                            113462.2524085926,
                            62452.62185422222
                        ],
                        [
                            113464.2583012803,
                            62453.29637929103
                        ],
                        [
                            113465.2589139342,
                            62453.639275319
                        ],
                        [
                            113466.2574368683,
                            62453.98731362343
                        ],
                        [
                            113467.2534696387,
                            62454.34153416453
                        ],
                        [
                            113468.2466118008,
                            62454.70297690653
                        ],
                        [
                            113469.2364629094,
                            62455.07268180476
                        ],
                        [
                            113470.2226225204,
                            62455.45168882737
                        ],
                        [
                            113471.2046901896,
                            62455.84103793165
                        ],
                        [
                            113472.1823175566,
                            62456.24161551452
                        ],
                        [
                            113473.1554716687,
                            62456.65337805323
                        ],
                        [
                            113474.1242376826,
                            62457.07593379529
                        ],
                        [
                            113475.088700961,
                            62457.50889039016
                        ],
                        [
                            113476.048946867,
                            62457.95185546963
                        ],
                        [
                            113477.0050607641,
                            62458.40443668026
                        ],
                        [
                            113477.9571280152,
                            62458.86624166071
                        ],
                        [
                            113478.9052339839,
                            62459.33687805354
                        ],
                        [
                            113479.8494640324,
                            62459.81595350043
                        ],
                        [
                            113480.7899035251,
                            62460.30307564095
                        ],
                        [
                            113481.7266378243,
                            62460.79785211679
                        ],
                        [
                            113482.6597522935,
                            62461.29989056952
                        ],
                        [
                            113483.5893322958,
                            62461.80879864177
                        ],
                        [
                            113484.5154631942,
                            62462.32418396927
                        ],
                        [
                            113485.4382303523,
                            62462.8456541985
                        ],
                        [
                            113486.3577191328,
                            62463.37281697112
                        ],
                        [
                            113487.2740148992,
                            62463.90527992282
                        ],
                        [
                            113488.1872030265,
                            62464.44265068339
                        ],
                        [
                            113489.0974916191,
                            62464.98437674703
                        ],
                        [
                            113490.9119934289,
                            62466.0763482511
                        ],
                        [
                            113492.7232259088,
                            62467.17150233008
                        ],
                        [
                            113494.5369864616,
                            62468.2600270727
                        ],
                        [
                            113495.4466264537,
                            62468.79873722143
                        ],
                        [
                            113496.3590724902,
                            62469.33211056941
                        ],
                        [
                            113497.2750492468,
                            62469.8589206276
                        ],
                        [
                            113498.195281398,
                            62470.37794090594
                        ],
                        [
                            113499.1204936205,
                            62470.88794491738
                        ],
                        [
                            113500.0512353218,
                            62471.3880153876
                        ],
                        [
                            113500.9870607036,
                            62471.87899083464
                        ],
                        [
                            113501.927173147,
                            62472.36232871664
                        ],
                        [
                            113502.8707756387,
                            62472.83948718567
                        ],
                        [
                            113503.8170711647,
                            62473.31192439395
                        ],
                        [
                            113507.6132433469,
                            62475.18362361522
                        ],
                        [
                            113508.5610488443,
                            62475.65432677866
                        ],
                        [
                            113509.5067652958,
                            62476.12905759113
                        ],
                        [
                            113510.4495956875,
                            62476.60927419879
                        ],
                        [
                            113511.3887430062,
                            62477.09643475672
                        ],
                        [
                            113512.3234102385,
                            62477.59199741408
                        ],
                        [
                            113513.2528003708,
                            62478.09742032306
                        ],
                        [
                            113514.1761163898,
                            62478.61416163957
                        ],
                        [
                            113515.092561283,
                            62479.14367950704
                        ],
                        [
                            113516.0017188672,
                            62479.68671193942
                        ],
                        [
                            113516.9046312031,
                            62480.24123945461
                        ],
                        [
                            113517.8026893328,
                            62480.80458266005
                        ],
                        [
                            113518.6972842983,
                            62481.37406215834
                        ],
                        [
                            113520.4816489054,
                            62482.52071244166
                        ],
                        [
                            113521.3742006312,
                            62483.09252443583
                        ],
                        [
                            113522.2688533616,
                            62483.65975513994
                        ],
                        [
                            113523.1669981386,
                            62484.21972515857
                        ],
                        [
                            113524.070026004,
                            62484.7697550884
                        ],
                        [
                            113524.9793280005,
                            62485.30716554181
                        ],
                        [
                            113525.4367664983,
                            62485.57030115072
                        ],
                        [
                            113525.8962951697,
                            62485.82927711649
                        ],
                        [
                            113526.3580878948,
                            62486.08375851709
                        ],
                        [
                            113526.822318554,
                            62486.3334104228
                        ],
                        [
                            113527.2891610277,
                            62486.57789791156
                        ],
                        [
                            113527.7587891955,
                            62486.81688606041
                        ],
                        [
                            113528.2313736813,
                            62487.05004644737
                        ],
                        [
                            113528.7069198349,
                            62487.27738085749
                        ],
                        [
                            113529.1851928223,
                            62487.49937093251
                        ],
                        [
                            113529.6659389089,
                            62487.71653606965
                        ],
                        [
                            113530.6338354455,
                            62488.13846914202
                        ],
                        [
                            113531.6085795738,
                            62488.54733528704
                        ],
                        [
                            113532.588141422,
                            62488.94728970431
                        ],
                        [
                            113533.570491119,
                            62489.34248760729
                        ],
                        [
                            113535.5354345759,
                            62490.13523470516
                        ],
                        [
                            113536.5139685927,
                            62490.54109431505
                        ],
                        [
                            113537.4871709735,
                            62490.95881824069
                        ],
                        [
                            113537.9711384657,
                            62491.17342782826
                        ],
                        [
                            113538.4530118472,
                            62491.39256169635
                        ],
                        [
                            113538.9325375636,
                            62491.61673880129
                        ],
                        [
                            113539.4095252078,
                            62491.84632117597
                        ],
                        [
                            113539.88394018,
                            62492.08128367322
                        ],
                        [
                            113540.3557714891,
                            62492.3215424731
                        ],
                        [
                            113540.8250081428,
                            62492.56701376543
                        ],
                        [
                            113541.2916391497,
                            62492.81761373025
                        ],
                        [
                            113541.755653517,
                            62493.07325855354
                        ],
                        [
                            113542.2170402533,
                            62493.33386441921
                        ],
                        [
                            113542.6757883666,
                            62493.59934751418
                        ],
                        [
                            113543.131886865,
                            62493.86962402237
                        ],
                        [
                            113543.5853247567,
                            62494.14461012782
                        ],
                        [
                            113544.0360910494,
                            62494.42422201544
                        ],
                        [
                            113544.4841747515,
                            62494.70837586919
                        ],
                        [
                            113544.929564871,
                            62494.99698787596
                        ],
                        [
                            113545.3722504161,
                            62495.28997421875
                        ],
                        [
                            113545.8122203944,
                            62495.58725108353
                        ],
                        [
                            113546.2494638144,
                            62495.8887346522
                        ],
                        [
                            113546.6839696839,
                            62496.19434111273
                        ],
                        [
                            113547.1157270114,
                            62496.50398665001
                        ],
                        [
                            113547.5447248048,
                            62496.81758744414
                        ],
                        [
                            113547.9709520718,
                            62497.1350596849
                        ],
                        [
                            113548.3943978211,
                            62497.4563195553
                        ],
                        [
                            113548.8150510602,
                            62497.78128323934
                        ],
                        [
                            113549.2329007974,
                            62498.10986692291
                        ],
                        [
                            113549.6479360409,
                            62498.44198678896
                        ],
                        [
                            113550.0601457986,
                            62498.77755902346
                        ],
                        [
                            113550.8760448891,
                            62499.45872533562
                        ],
                        [
                            113551.6805101335,
                            62500.15269533891
                        ],
                        [
                            113552.4734535966,
                            62500.85879851089
                        ],
                        [
                            113553.2553302547,
                            62501.57589403769
                        ],
                        [
                            113554.0287957782,
                            62502.30093479464
                        ],
                        [
                            113554.7970633707,
                            62503.030390696
                        ],
                        [
                            113556.3308575746,
                            62504.48842761484
                        ],
                        [
                            113557.1028105924,
                            62505.20994846683
                        ],
                        [
                            113557.8824184914,
                            62505.92176413814
                        ],
                        [
                            113558.2760971473,
                            62506.27292937902
                        ],
                        [
                            113558.672894475,
                            62506.62034454609
                        ],
                        [
                            113559.0732121245,
                            62506.96356837791
                        ],
                        [
                            113559.4774076686,
                            62507.30220576159
                        ],
                        [
                            113559.8855148977,
                            62507.63620059085
                        ],
                        [
                            113560.2974232562,
                            62507.96564788839
                        ],
                        [
                            113560.713021524,
                            62508.29064337774
                        ],
                        [
                            113561.1321984805,
                            62508.61128277435
                        ],
                        [
                            113561.5548429058,
                            62508.92766179775
                        ],
                        [
                            113561.9808435788,
                            62509.23987616937
                        ],
                        [
                            113562.4100892797,
                            62509.54802160679
                        ],
                        [
                            113562.842468788,
                            62509.85219383232
                        ],
                        [
                            113563.2778708837,
                            62510.15248856353
                        ],
                        [
                            113563.7161843457,
                            62510.44900151994
                        ],
                        [
                            113564.1572979546,
                            62510.74182842193
                        ],
                        [
                            113564.601100489,
                            62511.03106499003
                        ],
                        [
                            113565.4963274553,
                            62511.59914999455
                        ],
                        [
                            113566.4009754811,
                            62512.15402229425
                        ],
                        [
                            113567.3141548045,
                            62512.69644764591
                        ],
                        [
                            113568.2349756623,
                            62513.22719180436
                        ],
                        [
                            113569.1625482921,
                            62513.74702052453
                        ],
                        [
                            113570.0959829305,
                            62514.25669956516
                        ],
                        [
                            113571.0343898152,
                            62514.75699468503
                        ],
                        [
                            113571.9768791834,
                            62515.24867163601
                        ],
                        [
                            113572.9225612724,
                            62515.73249617697
                        ],
                        [
                            113573.8706476997,
                            62516.20918952977
                        ],
                        [
                            113574.8208765399,
                            62516.67924164737
                        ],
                        [
                            113575.7731562232,
                            62517.14306765434
                        ],
                        [
                            113576.7273952668,
                            62517.60108262834
                        ],
                        [
                            113577.6835021869,
                            62518.05370165682
                        ],
                        [
                            113578.6413855012,
                            62518.50133982033
                        ],
                        [
                            113579.6009537258,
                            62518.94441219853
                        ],
                        [
                            113581.524778975,
                            62519.81851993503
                        ],
                        [
                            113583.45424607,
                            62520.67934552957
                        ],
                        [
                            113585.3886682913,
                            62521.53005747417
                        ],
                        [
                            113587.3284051899,
                            62522.37029784708
                        ],
                        [
                            113588.3007044648,
                            62522.78528238294
                        ],
                        [
                            113589.2748670011,
                            62523.19616742584
                        ],
                        [
                            113590.2510748317,
                            62523.60244617682
                        ],
                        [
                            113591.2295099896,
                            62524.00361184184
                        ],
                        [
                            113592.2103545079,
                            62524.39915762693
                        ],
                        [
                            113593.1937904196,
                            62524.78857673716
                        ],
                        [
                            113594.1799997575,
                            62525.17136237353
                        ],
                        [
                            113595.1691645555,
                            62525.54700774406
                        ],
                        [
                            113596.1614668457,
                            62525.91500605079
                        ],
                        [
                            113597.1570886616,
                            62526.27485050168
                        ],
                        [
                            113598.1562120362,
                            62526.62603429686
                        ],
                        [
                            113599.1590190026,
                            62526.96805064333
                        ],
                        [
                            113600.1656915937,
                            62527.30039274605
                        ],
                        [
                            113601.1764118426,
                            62527.62255380812
                        ],
                        [
                            113602.1913617825,
                            62527.9340270355
                        ],
                        [
                            113603.2106064231,
                            62528.23459351439
                        ],
                        [
                            113604.2336063536,
                            62528.5255212312
                        ],
                        [
                            113605.2596275976,
                            62528.80855681492
                        ],
                        [
                            113606.2879360844,
                            62529.08544712474
                        ],
                        [
                            113607.3177977444,
                            62529.35793901897
                        ],
                        [
                            113609.3792443024,
                            62529.89671497696
                        ],
                        [
                            113611.43809471,
                            62530.43885955895
                        ],
                        [
                            113612.4647111821,
                            62530.71556223047
                        ],
                        [
                            113613.4884764061,
                            62530.99834763013
                        ],
                        [
                            113614.5086563115,
                            62531.28896261709
                        ],
                        [
                            113615.5245168285,
                            62531.5891540497
                        ],
                        [
                            113616.535323887,
                            62531.9006687852
                        ],
                        [
                            113617.5403434164,
                            62532.2252536799
                        ],
                        [
                            113618.5388413469,
                            62532.56465559501
                        ],
                        [
                            113619.035415316,
                            62532.74045882719
                        ],
                        [
                            113619.5300836086,
                            62532.92062138588
                        ],
                        [
                            113620.0227544662,
                            62533.10536162835
                        ],
                        [
                            113620.5133361307,
                            62533.29489791173
                        ],
                        [
                            113621.0017368425,
                            62533.4894485932
                        ],
                        [
                            113621.4878648431,
                            62533.68923202891
                        ],
                        [
                            113621.9716283739,
                            62533.89446657698
                        ],
                        [
                            113622.452935676,
                            62534.10537059655
                        ],
                        [
                            113622.9316949904,
                            62534.32216243895
                        ],
                        [
                            113623.4078145588,
                            62534.54506047015
                        ],
                        [
                            113623.8812026224,
                            62534.77428304329
                        ],
                        [
                            113624.351780435,
                            62535.01001854875
                        ],
                        [
                            113624.8196564875,
                            62535.25202425516
                        ],
                        [
                            113625.2850796743,
                            62535.4997341353
                        ],
                        [
                            113625.7483022921,
                            62535.75257432427
                        ],
                        [
                            113626.2095766381,
                            62536.00997096315
                        ],
                        [
                            113627.1272897017,
                            62536.536138144
                        ],
                        [
                            113628.0402372398,
                            62537.07364478366
                        ],
                        [
                            113628.9504376279,
                            62537.61789998511
                        ],
                        [
                            113630.7706704545,
                            62538.70829249937
                        ],
                        [
                            113631.6847396427,
                            62539.24524802971
                        ],
                        [
                            113632.6041351815,
                            62539.77058854517
                        ],
                        [
                            113633.0664610742,
                            62540.027468519
                        ],
                        [
                            113633.5308754455,
                            62540.27972315439
                        ],
                        [
                            113633.9976305917,
                            62540.52677859145
                        ],
                        [
                            113634.4669788101,
                            62540.76806096426
                        ],
                        [
                            113634.9391723972,
                            62541.00299641595
                        ],
                        [
                            113635.4144552255,
                            62541.23103007417
                        ],
                        [
                            113635.8928798142,
                            62541.45203845153
                        ],
                        [
                            113636.3743086675,
                            62541.66632642852
                        ],
                        [
                            113636.8585961304,
                            62541.87421727872
                        ],
                        [
                            113637.3455965483,
                            62542.07603427173
                        ],
                        [
                            113637.8351642674,
                            62542.27210068006
                        ],
                        [
                            113638.3271536325,
                            62542.46273977236
                        ],
                        [
                            113638.8214189895,
                            62542.64827482417
                        ],
                        [
                            113639.3178146843,
                            62542.82902910698
                        ],
                        [
                            113639.8161950618,
                            62543.00532589048
                        ],
                        [
                            113640.3164144679,
                            62543.17748844618
                        ],
                        [
                            113641.3217877482,
                            62543.51070396347
                        ],
                        [
                            113642.3327692892,
                            62543.83126183433
                        ],
                        [
                            113643.3481938552,
                            62544.14174822938
                        ],
                        [
                            113644.3668962106,
                            62544.44474932413
                        ],
                        [
                            113646.4094733477,
                            62545.03864029208
                        ],
                        [
                            113650.4951346687,
                            62546.21821197199
                        ],
                        [
                            113652.5384338402,
                            62546.79650539356
                        ],
                        [
                            113653.5607292435,
                            62547.0799175236
                        ],
                        [
                            113654.5836566389,
                            62547.3584164057
                        ],
                        [
                            113655.607367111,
                            62547.63118439961
                        ],
                        [
                            113656.632011745,
                            62547.89740385698
                        ],
                        [
                            113657.6577416262,
                            62548.15625713658
                        ],
                        [
                            113658.6847078391,
                            62548.40692659202
                        ],
                        [
                            113659.7130614691,
                            62548.64859458104
                        ],
                        [
                            113660.7429536013,
                            62548.88044345643
                        ],
                        [
                            113661.7745353206,
                            62549.10165557774
                        ],
                        [
                            113662.8079577119,
                            62549.31141329876
                        ],
                        [
                            113663.8433718605,
                            62549.50889897223
                        ],
                        [
                            113664.8809288514,
                            62549.69329496073
                        ],
                        [
                            113665.9207797696,
                            62549.86378361405
                        ],
                        [
                            113666.9630635409,
                            62550.01962064145
                        ],
                        [
                            113668.0077276567,
                            62550.16121658828
                        ],
                        [
                            113669.0545672284,
                            62550.28990124412
                        ],
                        [
                            113670.1033731458,
                            62550.40702985845
                        ],
                        [
                            113671.1539362994,
                            62550.51395768574
                        ],
                        [
                            113672.2060475794,
                            62550.61203997837
                        ],
                        [
                            113673.2594978764,
                            62550.70263198682
                        ],
                        [
                            113674.3140780801,
                            62550.78708895958
                        ],
                        [
                            113675.3695790811,
                            62550.86676615305
                        ],
                        [
                            113679.5966088645,
                            62551.16478214834
                        ],
                        [
                            113681.7102116871,
                            62551.3203480026
                        ],
                        [
                            113682.7663031972,
                            62551.40451377093
                        ],
                        [
                            113683.821642627,
                            62551.49474177257
                        ],
                        [
                            113684.8760208664,
                            62551.59238725704
                        ],
                        [
                            113685.9292288057,
                            62551.69880547677
                        ],
                        [
                            113686.9810730288,
                            62551.81523312241
                        ],
                        [
                            113688.0314882942,
                            62551.94193847883
                        ],
                        [
                            113689.0804719561,
                            62552.0787169325
                        ],
                        [
                            113690.1280217928,
                            62552.22536065426
                        ],
                        [
                            113691.1741355823,
                            62552.38166182179
                        ],
                        [
                            113692.2188111021,
                            62552.54741260806
                        ],
                        [
                            113693.2620461305,
                            62552.72240518777
                        ],
                        [
                            113694.3038384455,
                            62552.9064317358
                        ],
                        [
                            113695.344185825,
                            62553.09928442891
                        ],
                        [
                            113696.3830860467,
                            62553.30075543991
                        ],
                        [
                            113697.4205368884,
                            62553.51063694559
                        ],
                        [
                            113698.4565361292,
                            62553.72872111974
                        ],
                        [
                            113699.4910815461,
                            62553.95480013818
                        ],
                        [
                            113700.5241709169,
                            62554.18866617672
                        ],
                        [
                            113701.55580202,
                            62554.43011140915
                        ],
                        [
                            113702.5859726335,
                            62554.67892801124
                        ],
                        [
                            113703.6146805351,
                            62554.93490815489
                        ],
                        [
                            113704.6419023433,
                            62555.19788857615
                        ],
                        [
                            113705.6673849153,
                            62555.46818981706
                        ],
                        [
                            113706.6907342314,
                            62555.74642907298
                        ],
                        [
                            113707.7115542329,
                            62556.03322782659
                        ],
                        [
                            113708.7294488619,
                            62556.32920757228
                        ],
                        [
                            113709.7440220595,
                            62556.63498978978
                        ],
                        [
                            113710.7548777676,
                            62556.95119596762
                        ],
                        [
                            113711.7616199277,
                            62557.27844759429
                        ],
                        [
                            113712.7638524811,
                            62557.61736615833
                        ],
                        [
                            113713.7611793696,
                            62557.96857313947
                        ],
                        [
                            113714.7532045351,
                            62558.33269003011
                        ],
                        [
                            113715.7395319188,
                            62558.71033831492
                        ],
                        [
                            113716.7197654624,
                            62559.10213948043
                        ],
                        [
                            113717.693535917,
                            62559.5086633489
                        ],
                        [
                            113718.660875947,
                            62559.92970523764
                        ],
                        [
                            113719.6221279984,
                            62560.36446348984
                        ],
                        [
                            113720.5776425081,
                            62560.81212105902
                        ],
                        [
                            113721.5277699138,
                            62561.27186088791
                        ],
                        [
                            113722.4728606522,
                            62561.74286592314
                        ],
                        [
                            113723.4132651608,
                            62562.22431911816
                        ],
                        [
                            113724.3493338764,
                            62562.71540341574
                        ],
                        [
                            113725.2814172369,
                            62563.21530176743
                        ],
                        [
                            113726.2098656786,
                            62563.7231971208
                        ],
                        [
                            113727.1350296391,
                            62564.23827242151
                        ],
                        [
                            113728.0572595557,
                            62564.7597106192
                        ],
                        [
                            113728.9769058654,
                            62565.2866946575
                        ],
                        [
                            113729.8943190056,
                            62565.81840748992
                        ],
                        [
                            113731.7238475255,
                            62566.89275132178
                        ],
                        [
                            113735.3715257656,
                            62569.0622341925
                        ],
                        [
                            113737.1952824809,
                            62570.1443003972
                        ],
                        [
                            113739.0226869731,
                            62571.21596635399
                        ],
                        [
                            113740.8552888035,
                            62572.27419503301
                        ],
                        [
                            113742.693137661,
                            62573.32013511924
                        ],
                        [
                            113744.5361909478,
                            62574.35519283999
                        ],
                        [
                            113746.3844060657,
                            62575.38077442847
                        ],
                        [
                            113748.2377404172,
                            62576.39828612286
                        ],
                        [
                            113750.0961514045,
                            62577.40913414841
                        ],
                        [
                            113751.95959643,
                            62578.41472473843
                        ],
                        [
                            113753.8281940993,
                            62579.41583518535
                        ],
                        [
                            113755.7036983743,
                            62580.40686233695
                        ],
                        [
                            113756.6448853029,
                            62580.8956861056
                        ],
                        [
                            113757.5888150212,
                            62581.37848954281
                        ],
                        [
                            113758.5358272262,
                            62581.85410231143
                        ],
                        [
                            113759.4862616148,
                            62582.32135406939
                        ],
                        [
                            113760.4404578834,
                            62582.77907447364
                        ],
                        [
                            113761.3987557293,
                            62583.22609318705
                        ],
                        [
                            113762.361494849,
                            62583.66123986458
                        ],
                        [
                            113763.3290149396,
                            62584.08334416417
                        ],
                        [
                            113764.3016556979,
                            62584.49123574966
                        ],
                        [
                            113765.2797568204,
                            62584.88374427413
                        ],
                        [
                            113766.2635560564,
                            62585.26004286482
                        ],
                        [
                            113767.2527788293,
                            62585.62103067572
                        ],
                        [
                            113768.2469899759,
                            62585.96814788175
                        ],
                        [
                            113769.2457542768,
                            62586.30283484774
                        ],
                        [
                            113770.2486365121,
                            62586.62653194032
                        ],
                        [
                            113771.2552014622,
                            62586.94067952333
                        ],
                        [
                            113772.2650139079,
                            62587.24671795849
                        ],
                        [
                            113773.2776386294,
                            62587.54608761949
                        ],
                        [
                            113775.3095840211,
                            62588.13058206202
                        ],
                        [
                            113777.3475558814,
                            62588.70568576599
                        ],
                        [
                            113779.3880724531,
                            62589.28292165433
                        ],
                        [
                            113780.4081969569,
                            62589.57594008218
                        ],
                        [
                            113781.4276519802,
                            62589.87381264986
                        ],
                        [
                            113782.4460023026,
                            62590.1779797251
                        ],
                        [
                            113783.4628127051,
                            62590.48988166965
                        ],
                        [
                            113784.4776479683,
                            62590.81095885317
                        ],
                        [
                            113785.4900544177,
                            62591.14261075128
                        ],
                        [
                            113786.4993690478,
                            62591.48577306338
                        ],
                        [
                            113787.5047962328,
                            62591.84108766352
                        ],
                        [
                            113788.5055382419,
                            62592.20919176581
                        ],
                        [
                            113789.5007973461,
                            62592.59072258638
                        ],
                        [
                            113790.4897758147,
                            62592.98631733737
                        ],
                        [
                            113791.4716759177,
                            62593.39661323293
                        ],
                        [
                            113791.9597222918,
                            62593.60747324109
                        ],
                        [
                            113792.4456999255,
                            62593.82224748715
                        ],
                        [
                            113792.9295091027,
                            62594.04101562788
                        ],
                        [
                            113793.4110501077,
                            62594.26385731223
                        ],
                        [
                            113793.8902232236,
                            62594.49085219404
                        ],
                        [
                            113794.3669287344,
                            62594.72207992325
                        ],
                        [
                            113794.8410669237,
                            62594.95762015371
                        ],
                        [
                            113795.3125380754,
                            62595.19755253239
                        ],
                        [
                            113795.7812424734,
                            62595.44195671806
                        ],
                        [
                            113796.2470804011,
                            62595.69091235672
                        ],
                        [
                            113796.7099521428,
                            62595.94449910124
                        ],
                        [
                            113797.1697579815,
                            62596.20279660646
                        ],
                        [
                            113797.6263982016,
                            62596.46588452131
                        ],
                        [
                            113798.0797730866,
                            62596.73384249667
                        ],
                        [
                            113798.5297829198,
                            62597.0067501855
                        ],
                        [
                            113798.9763279858,
                            62597.28468724058
                        ],
                        [
                            113799.4193085677,
                            62597.56773331186
                        ],
                        [
                            113799.8586277852,
                            62597.85596486187
                        ],
                        [
                            113800.29426653,
                            62598.149370742
                        ],
                        [
                            113800.7262911535,
                            62598.44784356497
                        ],
                        [
                            113801.1547723846,
                            62598.75127099477
                        ],
                        [
                            113801.5797809514,
                            62599.05954071704
                        ],
                        [
                            113802.0013875825,
                            62599.37254039488
                        ],
                        [
                            113802.4196630071,
                            62599.69015771096
                        ],
                        [
                            113802.8346779534,
                            62600.01228033428
                        ],
                        [
                            113803.2465031503,
                            62600.33879593671
                        ],
                        [
                            113803.6552093262,
                            62600.66959219708
                        ],
                        [
                            113804.0608672096,
                            62601.00455678524
                        ],
                        [
                            113804.4635475292,
                            62601.34357738004
                        ],
                        [
                            113804.8633210139,
                            62601.68654164841
                        ],
                        [
                            113805.2602583922,
                            62602.03333726721
                        ],
                        [
                            113805.6544303927,
                            62602.38385190932
                        ],
                        [
                            113806.4347611742,
                            62603.09558896486
                        ],
                        [
                            113807.2048791883,
                            62603.82085420197
                        ],
                        [
                            113807.9653502633,
                            62604.55874901357
                        ],
                        [
                            113808.7167402283,
                            62605.30837478667
                        ],
                        [
                            113809.4596149124,
                            62606.06883291319
                        ],
                        [
                            113810.1945401446,
                            62606.83922478402
                        ],
                        [
                            113810.922081754,
                            62607.6186517892
                        ],
                        [
                            113811.6428055695,
                            62608.40621531865
                        ],
                        [
                            113812.3572774198,
                            62609.20101676327
                        ],
                        [
                            113813.0660631343,
                            62610.00215750815
                        ],
                        [
                            113813.7697285417,
                            62610.80873895204
                        ],
                        [
                            113814.4688394712,
                            62611.61986247902
                        ],
                        [
                            113815.8556612121,
                            62613.25214134997
                        ],
                        [
                            113817.2310549887,
                            62614.8918052426
                        ],
                        [
                            113818.5982183935,
                            62616.53330702197
                        ],
                        [
                            113819.9549990782,
                            62618.17770823918
                        ],
                        [
                            113821.2978987112,
                            62619.82773311746
                        ],
                        [
                            113821.9630499043,
                            62620.65570575194
                        ],
                        [
                            113822.6234189601,
                            62621.48610588594
                        ],
                        [
                            113823.2785685866,
                            62622.31927404854
                        ],
                        [
                            113823.9280614931,
                            62623.15555076492
                        ],
                        [
                            113824.5714603873,
                            62623.99527656624
                        ],
                        [
                            113825.2083279778,
                            62624.83879198057
                        ],
                        [
                            113825.8382269734,
                            62625.68643753513
                        ],
                        [
                            113826.4607200826,
                            62626.53855375709
                        ],
                        [
                            113827.0753700137,
                            62627.39548117652
                        ],
                        [
                            113827.6817394754,
                            62628.25756031868
                        ],
                        [
                            113828.2793911759,
                            62629.12513171364
                        ],
                        [
                            113828.8678878241,
                            62629.99853589152
                        ],
                        [
                            113829.4467921282,
                            62630.87811337555
                        ],
                        [
                            113830.0156667965,
                            62631.76420469691
                        ],
                        [
                            113830.5740745381,
                            62632.65715038263
                        ],
                        [
                            113831.1215784337,
                            62633.55729070533
                        ],
                        [
                            113831.6580763783,
                            62634.46473449246
                        ],
                        [
                            113832.1844172107,
                            62635.37893324414
                        ],
                        [
                            113832.7016174567,
                            62636.29922254454
                        ],
                        [
                            113833.2106936416,
                            62637.22493796997
                        ],
                        [
                            113833.7126622911,
                            62638.15541510464
                        ],
                        [
                            113834.2085399301,
                            62639.08998953764
                        ],
                        [
                            113834.6993430844,
                            62640.0279968462
                        ],
                        [
                            113835.1860882791,
                            62640.96877261848
                        ],
                        [
                            113836.1514708921,
                            62642.85597187411
                        ],
                        [
                            113837.1128199717,
                            62644.74627196816
                        ],
                        [
                            113838.0782677216,
                            62646.63435756804
                        ],
                        [
                            113838.5650699113,
                            62647.57590888906
                        ],
                        [
                            113839.0559463444,
                            62648.51491333537
                        ],
                        [
                            113839.5519135469,
                            62649.45070648823
                        ],
                        [
                            113840.0539880435,
                            62650.3826239367
                        ],
                        [
                            113840.5631863603,
                            62651.31000125612
                        ],
                        [
                            113841.0805250224,
                            62652.23217403357
                        ],
                        [
                            113841.6070205548,
                            62653.14847784941
                        ],
                        [
                            113842.1436894836,
                            62654.05824829161
                        ],
                        [
                            113842.6915483336,
                            62654.96082093755
                        ],
                        [
                            113843.2516136304,
                            62655.85553137331
                        ],
                        [
                            113843.8247734546,
                            62656.74178680483
                        ],
                        [
                            113844.41126496,
                            62657.61935739581
                        ],
                        [
                            113845.0111195929,
                            62658.48812802123
                        ],
                        [
                            113845.6243687194,
                            62659.34798359011
                        ],
                        [
                            113846.2510437067,
                            62660.19880902322
                        ],
                        [
                            113846.8911759209,
                            62661.04048923362
                        ],
                        [
                            113847.5447967291,
                            62661.87290913515
                        ],
                        [
                            113848.2119374976,
                            62662.69595364381
                        ],
                        [
                            113848.892629593,
                            62663.50950767939
                        ],
                        [
                            113849.5869043822,
                            62664.313456146
                        ],
                        [
                            113850.2947932314,
                            62665.10768397036
                        ],
                        [
                            113851.0163275072,
                            62665.89207606156
                        ],
                        [
                            113851.7515652854,
                            62666.66639853325
                        ],
                        [
                            113852.1244233352,
                            62667.04934494753
                        ],
                        [
                            113852.500864878,
                            62667.42908202915
                        ],
                        [
                            113852.8809586885,
                            62667.80530691782
                        ],
                        [
                            113853.2647735413,
                            62668.17771675529
                        ],
                        [
                            113853.6523782113,
                            62668.54600867927
                        ],
                        [
                            113854.0438414733,
                            62668.90987983253
                        ],
                        [
                            113854.439232102,
                            62669.26902735572
                        ],
                        [
                            113854.8386188719,
                            62669.62314838864
                        ],
                        [
                            113855.2420705581,
                            62669.97194006999
                        ],
                        [
                            113855.6496559354,
                            62670.31509954057
                        ],
                        [
                            113856.0614437782,
                            62670.65232394298
                        ],
                        [
                            113856.4775028615,
                            62670.98331041309
                        ],
                        [
                            113856.8979019601,
                            62671.30775609555
                        ],
                        [
                            113857.3227098486,
                            62671.62535813202
                        ],
                        [
                            113857.7519953017,
                            62671.93581365739
                        ],
                        [
                            113858.1858270946,
                            62672.23881981625
                        ],
                        [
                            113858.6242740015,
                            62672.53407374348
                        ],
                        [
                            113859.0674047974,
                            62672.8212725886
                        ],
                        [
                            113859.5152882569,
                            62673.10011348158
                        ],
                        [
                            113859.967993155,
                            62673.37029356804
                        ],
                        [
                            113860.4255882664,
                            62673.63150999163
                        ],
                        [
                            113860.8881423658,
                            62673.88345988618
                        ],
                        [
                            113861.3557238872,
                            62674.12584100359
                        ],
                        [
                            113861.8283224426,
                            62674.3584922255
                        ],
                        [
                            113862.305748423,
                            62674.58157330933
                        ],
                        [
                            113862.7877874396,
                            62674.79528838617
                        ],
                        [
                            113863.2742251034,
                            62674.99984158108
                        ],
                        [
                            113863.7648470268,
                            62675.19543703305
                        ],
                        [
                            113864.2594388198,
                            62675.38227885933
                        ],
                        [
                            113864.7577860945,
                            62675.56057119787
                        ],
                        [
                            113865.2596744623,
                            62675.73051817084
                        ],
                        [
                            113865.7648895346,
                            62675.89232391618
                        ],
                        [
                            113866.2732169225,
                            62676.04619255221
                        ],
                        [
                            113866.7844422374,
                            62676.19232821578
                        ],
                        [
                            113867.2983510906,
                            62676.33093503112
                        ],
                        [
                            113867.8147290937,
                            62676.46221712923
                        ],
                        [
                            113868.3333618583,
                            62676.58637864121
                        ],
                        [
                            113868.8540349951,
                            62676.70362369121
                        ],
                        [
                            113869.3765341159,
                            62676.81415641221
                        ],
                        [
                            113869.9006448316,
                            62676.91818093235
                        ],
                        [
                            113870.4261527544,
                            62677.01590137871
                        ],
                        [
                            113870.9528434951,
                            62677.10752188238
                        ],
                        [
                            113871.4805026649,
                            62677.19324657142
                        ],
                        [
                            113872.0089158758,
                            62677.27327957588
                        ],
                        [
                            113872.5378687387,
                            62677.34782502295
                        ],
                        [
                            113873.0671468649,
                            62677.4170870436
                        ],
                        [
                            113874.1259773278,
                            62677.5413546406
                        ],
                        [
                            113875.1844847348,
                            62677.65166534221
                        ],
                        [
                            113877.2974898276,
                            62677.85598517222
                        ],
                        [
                            113878.3504672375,
                            62677.96277885851
                        ],
                        [
                            113879.4000810391,
                            62678.08118476615
                        ],
                        [
                            113879.9233890439,
                            62678.14673989103
                        ],
                        [
                            113880.4455710947,
                            62678.21759517608
                        ],
                        [
                            113880.9665321744,
                            62678.2945496533
                        ],
                        [
                            113881.486177266,
                            62678.3784023614
                        ],
                        [
                            113882.0044113519,
                            62678.46995233433
                        ],
                        [
                            113882.5211394149,
                            62678.56999860689
                        ],
                        [
                            113883.0362664382,
                            62678.67934021498
                        ],
                        [
                            113883.5496942206,
                            62678.7987134306
                        ],
                        [
                            113884.0612946352,
                            62678.92826451896
                        ],
                        [
                            113884.5709231507,
                            62679.06781631952
                        ],
                        [
                            113885.0784350675,
                            62679.21718836391
                        ],
                        [
                            113885.5836856858,
                            62679.37620018085
                        ],
                        [
                            113886.0865303063,
                            62679.54467129034
                        ],
                        [
                            113886.5868242291,
                            62679.72242123086
                        ],
                        [
                            113887.0844227546,
                            62679.90926952529
                        ],
                        [
                            113887.5791811836,
                            62680.10503570332
                        ],
                        [
                            113888.0709548159,
                            62680.30953929087
                        ],
                        [
                            113888.5595989524,
                            62680.52259981947
                        ],
                        [
                            113889.0449688934,
                            62680.74403681307
                        ],
                        [
                            113889.526919939,
                            62680.97366980429
                        ],
                        [
                            113890.0053073898,
                            62681.211318316
                        ],
                        [
                            113890.4799865462,
                            62681.45680188085
                        ],
                        [
                            113890.9508127086,
                            62681.70994002761
                        ],
                        [
                            113891.4176411772,
                            62681.97055227915
                        ],
                        [
                            113891.8803272528,
                            62682.23845817007
                        ],
                        [
                            113892.3387262356,
                            62682.5134772232
                        ],
                        [
                            113892.7926934259,
                            62682.7954289693
                        ],
                        [
                            113893.2420841242,
                            62683.08413293219
                        ],
                        [
                            113893.6867536305,
                            62683.37940864651
                        ],
                        [
                            113894.126557246,
                            62683.68107563609
                        ],
                        [
                            113894.5613502705,
                            62683.98895343358
                        ],
                        [
                            113894.9910028104,
                            62684.3028660323
                        ],
                        [
                            113895.4155138423,
                            62684.62267635616
                        ],
                        [
                            113895.8349486977,
                            62684.94826736938
                        ],
                        [
                            113896.2493732571,
                            62685.27952219932
                        ],
                        [
                            113896.6588534011,
                            62685.61632397242
                        ],
                        [
                            113897.0634550099,
                            62685.958555817
                        ],
                        [
                            113897.463243964,
                            62686.30610086345
                        ],
                        [
                            113897.8582861438,
                            62686.65884223422
                        ],
                        [
                            113898.2486474292,
                            62687.01666305964
                        ],
                        [
                            113898.6343937014,
                            62687.37944647003
                        ],
                        [
                            113899.0155908402,
                            62687.74707559086
                        ],
                        [
                            113899.3923047261,
                            62688.11943355338
                        ],
                        [
                            113899.7646012399,
                            62688.4964034811
                        ],
                        [
                            113900.1325462613,
                            62688.87786850531
                        ],
                        [
                            113900.4962056711,
                            62689.26371174948
                        ],
                        [
                            113900.8556453497,
                            62689.65381634691
                        ],
                        [
                            113901.2109311773,
                            62690.048065421
                        ],
                        [
                            113901.5621290345,
                            62690.44634210215
                        ],
                        [
                            113901.9093048013,
                            62690.84852951867
                        ],
                        [
                            113902.2525243586,
                            62691.2545107951
                        ],
                        [
                            113902.5918535862,
                            62691.66416906261
                        ],
                        [
                            113902.9273583652,
                            62692.07738744963
                        ],
                        [
                            113903.2591045754,
                            62692.49404908166
                        ],
                        [
                            113903.5871580975,
                            62692.91403708599
                        ],
                        [
                            113903.9115848119,
                            62693.33723459396
                        ],
                        [
                            113904.2324505985,
                            62693.76352473004
                        ],
                        [
                            113904.5498213383,
                            62694.19279062551
                        ],
                        [
                            113905.174341198,
                            62695.05978219835
                        ],
                        [
                            113905.7856714344,
                            62695.93727433449
                        ],
                        [
                            113906.3843390901,
                            62696.82433205992
                        ],
                        [
                            113906.9708712083,
                            62697.72002039375
                        ],
                        [
                            113907.5457948322,
                            62698.62340436485
                        ],
                        [
                            113908.1096740981,
                            62699.53354307007
                        ],
                        [
                            113908.6636061204,
                            62700.44941051938
                        ],
                        [
                            113909.2090873099,
                            62701.36991697928
                        ],
                        [
                            113909.7476237342,
                            62702.29397116983
                        ],
                        [
                            113910.8098865554,
                            62704.14835762021
                        ],
                        [
                            113911.8624431204,
                            62706.00383963811
                        ],
                        [
                            113912.9173419658,
                            62707.85168699689
                        ],
                        [
                            113913.4494349115,
                            62708.77001947994
                        ],
                        [
                            113913.9866316289,
                            62709.6831694572
                        ],
                        [
                            113914.5304381848,
                            62710.59004565954
                        ],
                        [
                            113915.0823606465,
                            62711.48955679825
                        ],
                        [
                            113915.6439050811,
                            62712.3806115983
                        ],
                        [
                            113916.2165775557,
                            62713.26211877782
                        ],
                        [
                            113916.8018841373,
                            62714.13298705981
                        ],
                        [
                            113917.0997458643,
                            62714.5640905938
                        ],
                        [
                            113917.4013308932,
                            62714.99212516829
                        ],
                        [
                            113917.7068274825,
                            62715.41695438211
                        ],
                        [
                            113918.0164238905,
                            62715.8384418204
                        ],
                        [
                            113918.3303083756,
                            62716.25645107605
                        ],
                        [
                            113918.6486691961,
                            62716.67084574009
                        ],
                        [
                            113918.9716946109,
                            62717.08148939764
                        ],
                        [
                            113919.2995728774,
                            62717.48824564261
                        ],
                        [
                            113919.6324922551,
                            62717.89097806699
                        ],
                        [
                            113919.9705878956,
                            62718.2895908859
                        ],
                        [
                            113920.3137397137,
                            62718.68418359825
                        ],
                        [
                            113920.6617510361,
                            62719.07491429542
                        ],
                        [
                            113921.0144251755,
                            62719.46194107862
                        ],
                        [
                            113921.3715654444,
                            62719.84542204616
                        ],
                        [
                            113921.7329751555,
                            62720.2255153092
                        ],
                        [
                            113922.0984576209,
                            62720.6023789621
                        ],
                        [
                            113922.4678161534,
                            62720.97617111104
                        ],
                        [
                            113922.8408540654,
                            62721.34704985433
                        ],
                        [
                            113923.5971812781,
                            62722.08069953703
                        ],
                        [
                            113924.3658657593,
                            62722.80459283211
                        ],
                        [
                            113925.1453340093,
                            62723.51999455364
                        ],
                        [
                            113925.9340125278,
                            62724.22816951681
                        ],
                        [
                            113926.7303278149,
                            62724.93038253855
                        ],
                        [
                            113927.5327063715,
                            62725.62789843598
                        ],
                        [
                            113929.1493592918,
                            62727.01389812509
                        ],
                        [
                            113930.7713832901,
                            62728.39628710678
                        ],
                        [
                            113931.5804756936,
                            62729.08928962852
                        ],
                        [
                            113932.3861903669,
                            62729.78518392332
                        ],
                        [
                            113933.1869538105,
                            62730.48523480725
                        ],
                        [
                            113933.9811925241,
                            62731.19070709737
                        ],
                        [
                            113934.7675066193,
                            62731.90272348863
                        ],
                        [
                            113935.5462699655,
                            62732.62095463034
                        ],
                        [
                            113936.3188944761,
                            62733.34422140234
                        ],
                        [
                            113937.0868051617,
                            62734.07133396812
                        ],
                        [
                            113940.1398098453,
                            62736.99444532624
                        ],
                        [
                            113941.674034621,
                            62738.44894138981
                        ],
                        [
                            113943.2197026214,
                            62739.89287023839
                        ],
                        [
                            113944.7763706701,
                            62741.32579769429
                        ],
                        [
                            113946.3435817389,
                            62742.74730018512
                        ],
                        [
                            113949.4971890343,
                            62745.56724090512
                        ],
                        [
                            113950.281858963,
                            62746.27610243547
                        ],
                        [
                            113951.061766212,
                            62746.99024474198
                        ],
                        [
                            113951.835273365,
                            62747.71153592379
                        ],
                        [
                            113952.6007430046,
                            62748.44184407894
                        ],
                        [
                            113953.3565377141,
                            62749.18303730659
                        ],
                        [
                            113953.7302952773,
                            62749.55829960654
                        ],
                        [
                            113954.1009804219,
                            62749.93697663858
                        ],
                        [
                            113954.4681960689,
                            62750.31926759898
                        ],
                        [
                            113954.8315083668,
                            62750.70536511766
                        ],
                        [
                            113955.1904834636,
                            62751.09546183048
                        ],
                        [
                            113955.5446875074,
                            62751.4897503712
                        ],
                        [
                            113955.8936866462,
                            62751.88842336781
                        ],
                        [
                            113956.2370470285,
                            62752.29167346105
                        ],
                        [
                            113956.5743348019,
                            62752.69969328175
                        ],
                        [
                            113956.905116115,
                            62753.1126754638
                        ],
                        [
                            113957.2289571159,
                            62753.53081263809
                        ],
                        [
                            113957.5454239524,
                            62753.9542974414
                        ],
                        [
                            113957.854082773,
                            62754.38332250558
                        ],
                        [
                            113958.1545144441,
                            62754.81807022508
                        ],
                        [
                            113958.4466332397,
                            62755.25849104848
                        ],
                        [
                            113958.7306840261,
                            62755.70430542586
                        ],
                        [
                            113959.006925824,
                            62756.15522396942
                        ],
                        [
                            113959.2756176549,
                            62756.61095728547
                        ],
                        [
                            113959.5370185394,
                            62757.07121598425
                        ],
                        [
                            113959.791387499,
                            62757.53571067605
                        ],
                        [
                            113960.0389835545,
                            62758.00415196425
                        ],
                        [
                            113960.280065727,
                            62758.47625046006
                        ],
                        [
                            113960.5148930374,
                            62758.95171677472
                        ],
                        [
                            113960.7437245073,
                            62759.43026151065
                        ],
                        [
                            113960.9668064406,
                            62759.91160293631
                        ],
                        [
                            113961.1841927016,
                            62760.39557505078
                        ],
                        [
                            113961.3957879008,
                            62760.88210165787
                        ],
                        [
                            113961.6014927447,
                            62761.3711088929
                        ],
                        [
                            113961.8012079387,
                            62761.86252290187
                        ],
                        [
                            113961.9948341895,
                            62762.35626982206
                        ],
                        [
                            113962.1822722033,
                            62762.85227579656
                        ],
                        [
                            113962.363422686,
                            62763.35046696461
                        ],
                        [
                            113962.538186344,
                            62763.85076946725
                        ],
                        [
                            113962.7064638833,
                            62764.35310944874
                        ],
                        [
                            113962.8681560104,
                            62764.85741304718
                        ],
                        [
                            113963.0231634312,
                            62765.36360640475
                        ],
                        [
                            113963.1713868515,
                            62765.87161566355
                        ],
                        [
                            113963.3127269785,
                            62766.38136695993
                        ],
                        [
                            113963.4470845175,
                            62766.89278644374
                        ],
                        [
                            113963.5743601751,
                            62767.40580024743
                        ],
                        [
                            113963.6944605257,
                            62767.92033395698
                        ],
                        [
                            113963.807683361,
                            62768.43627564527
                        ],
                        [
                            113963.9149564732,
                            62768.95345301778
                        ],
                        [
                            113964.0172647066,
                            62769.47168829429
                        ],
                        [
                            113964.2109259143,
                            62770.51062149054
                        ],
                        [
                            113964.5820029301,
                            62772.59336082027
                        ],
                        [
                            113964.7751762448,
                            62773.63432260989
                        ],
                        [
                            113964.8771185587,
                            62774.15407933542
                        ],
                        [
                            113964.9839444358,
                            62774.6731162512
                        ],
                        [
                            113965.096575554,
                            62775.19122197571
                        ],
                        [
                            113965.2156330833,
                            62775.70802522132
                        ],
                        [
                            113965.3416489229,
                            62776.22310720055
                        ],
                        [
                            113965.4751549584,
                            62776.73604911434
                        ],
                        [
                            113965.6166830747,
                            62777.24643217229
                        ],
                        [
                            113965.7667651568,
                            62777.75383757434
                        ],
                        [
                            113965.9259330898,
                            62778.25784652432
                        ],
                        [
                            113966.0947187591,
                            62778.75804022807
                        ],
                        [
                            113966.2736539091,
                            62779.25399999855
                        ],
                        [
                            113966.4630930692,
                            62779.74544579038
                        ],
                        [
                            113966.6628671634,
                            62780.23250719024
                        ],
                        [
                            113966.8727108785,
                            62780.71538907537
                        ],
                        [
                            113967.0923589004,
                            62781.19429632115
                        ],
                        [
                            113967.3215459154,
                            62781.66943380091
                        ],
                        [
                            113967.5600066101,
                            62782.1410063949
                        ],
                        [
                            113967.8074756705,
                            62782.60921897745
                        ],
                        [
                            113968.0636877828,
                            62783.0742764268
                        ],
                        [
                            113968.3283776335,
                            62783.53638361435
                        ],
                        [
                            113968.6012799087,
                            62783.99574541935
                        ],
                        [
                            113968.8821292949,
                            62784.45256672106
                        ],
                        [
                            113969.1707338331,
                            62784.90689711908
                        ],
                        [
                            113969.4674251448,
                            62785.35767796944
                        ],
                        [
                            113969.7727624525,
                            62785.80336886489
                        ],
                        [
                            113970.0873059082,
                            62786.24242742939
                        ],
                        [
                            113970.4116156647,
                            62786.6733112821
                        ],
                        [
                            113970.7462518741,
                            62787.09447804896
                        ],
                        [
                            113971.0917746894,
                            62787.50438535302
                        ],
                        [
                            113971.268793622,
                            62787.70463471193
                        ],
                        [
                            113971.448744263,
                            62787.90149081528
                        ],
                        [
                            113971.6316966318,
                            62788.09476086469
                        ],
                        [
                            113971.8177207472,
                            62788.28425206273
                        ],
                        [
                            113972.0068866285,
                            62788.46977161213
                        ],
                        [
                            113972.1992642945,
                            62788.65112671742
                        ],
                        [
                            113972.3949237643,
                            62788.82812457639
                        ],
                        [
                            113972.5939350576,
                            62789.00057239846
                        ],
                        [
                            113972.7963681926,
                            62789.16827738339
                        ],
                        [
                            113973.0022931885,
                            62789.33104673473
                        ],
                        [
                            113973.2117800646,
                            62789.48868765322
                        ],
                        [
                            113973.4248988403,
                            62789.64100734537
                        ],
                        [
                            113973.6417195338,
                            62789.78781301183
                        ],
                        [
                            113973.862312118,
                            62789.9289119381
                        ],
                        [
                            113974.0866834089,
                            62790.06422446063
                        ],
                        [
                            113974.3146522107,
                            62790.19400743055
                        ],
                        [
                            113974.5460025013,
                            62790.31858004317
                        ],
                        [
                            113974.7805182579,
                            62790.43826149765
                        ],
                        [
                            113975.0179834581,
                            62790.55337098436
                        ],
                        [
                            113975.258182079,
                            62790.66422769766
                        ],
                        [
                            113975.745915493,
                            62790.87445958979
                        ],
                        [
                            113976.241990319,
                            62791.07151073146
                        ],
                        [
                            113976.7446783766,
                            62791.25793468089
                        ],
                        [
                            113977.252251484,
                            62791.43628499545
                        ],
                        [
                            113977.762981461,
                            62791.60911523043
                        ],
                        [
                            113978.7869992996,
                            62791.94842970674
                        ],
                        [
                            113979.296830799,
                            62792.12002106073
                        ],
                        [
                            113979.8029064445,
                            62792.29630657028
                        ],
                        [
                            113980.3034980549,
                            62792.47983978984
                        ],
                        [
                            113980.7968774489,
                            62792.67317427863
                        ],
                        [
                            113981.281316446,
                            62792.87886359988
                        ],
                        [
                            113981.5196432394,
                            62792.98713930645
                        ],
                        [
                            113981.7550868655,
                            62793.09946130696
                        ],
                        [
                            113981.9874313018,
                            62793.21614879078
                        ],
                        [
                            113982.2164605258,
                            62793.33752095522
                        ],
                        [
                            113982.4419585151,
                            62793.46389699648
                        ],
                        [
                            113982.6637092467,
                            62793.59559610692
                        ],
                        [
                            113982.8814966983,
                            62793.73293748175
                        ],
                        [
                            113983.0951128087,
                            62793.87622594539
                        ],
                        [
                            113983.3044857643,
                            62794.02552038307
                        ],
                        [
                            113983.5096581399,
                            62794.18067319144
                        ],
                        [
                            113983.7106760586,
                            62794.34153037596
                        ],
                        [
                            113983.9075856445,
                            62794.5079379285
                        ],
                        [
                            113984.1004330208,
                            62794.67974184566
                        ],
                        [
                            113984.2892643107,
                            62794.85678812704
                        ],
                        [
                            113984.4741256374,
                            62795.03892276745
                        ],
                        [
                            113984.655063125,
                            62795.22599176443
                        ],
                        [
                            113984.8321228962,
                            62795.4178411157
                        ],
                        [
                            113985.0053510749,
                            62795.61431681498
                        ],
                        [
                            113985.1747937845,
                            62795.81526486288
                        ],
                        [
                            113985.3404971483,
                            62796.02053125411
                        ],
                        [
                            113985.5025072895,
                            62796.22996198826
                        ],
                        [
                            113985.6608703319,
                            62796.44340306205
                        ],
                        [
                            113985.8156323985,
                            62796.66070047018
                        ],
                        [
                            113985.966839613,
                            62796.88170020828
                        ],
                        [
                            113986.1145380989,
                            62797.10624827707
                        ],
                        [
                            113986.2587739796,
                            62797.33419067313
                        ],
                        [
                            113986.3995933782,
                            62797.56537338924
                        ],
                        [
                            113986.5370424184,
                            62797.79964242794
                        ],
                        [
                            113986.8020139168,
                            62798.27682345112
                        ],
                        [
                            113987.0540574621,
                            62798.76450171699
                        ],
                        [
                            113987.2935420417,
                            62799.26144520287
                        ],
                        [
                            113987.520836643,
                            62799.76642188124
                        ],
                        [
                            113987.7363102534,
                            62800.27819972935
                        ],
                        [
                            113987.9403318601,
                            62800.79554672459
                        ],
                        [
                            113988.1332704503,
                            62801.3172308403
                        ],
                        [
                            113988.3154950116,
                            62801.84202005188
                        ],
                        [
                            113988.487374531,
                            62802.36868233669
                        ],
                        [
                            113988.6492779957,
                            62802.89598566707
                        ],
                        [
                            113988.80161439,
                            62803.42276588286
                        ],
                        [
                            113988.9451959041,
                            62803.94854293273
                        ],
                        [
                            113989.0810682556,
                            62804.47323298578
                        ],
                        [
                            113989.2102800165,
                            62804.99675705269
                        ],
                        [
                            113989.333879759,
                            62805.51903614718
                        ],
                        [
                            113989.5684374769,
                            62806.55954347127
                        ],
                        [
                            113989.793129985,
                            62807.59412305567
                        ],
                        [
                            113990.0163458595,
                            62808.62214300064
                        ],
                        [
                            113990.2464736772,
                            62809.6429714086
                        ],
                        [
                            113990.3667509948,
                            62810.15049131521
                        ],
                        [
                            113990.4919020139,
                            62810.65597637704
                        ],
                        [
                            113990.622975307,
                            62811.1593476009
                        ],
                        [
                            113990.7610194459,
                            62811.66052600532
                        ],
                        [
                            113990.9070830025,
                            62812.15943259813
                        ],
                        [
                            113991.0622145492,
                            62812.65598839487
                        ],
                        [
                            113991.2271876749,
                            62813.15016197035
                        ],
                        [
                            113991.401515327,
                            62813.64213995161
                        ],
                        [
                            113991.584349414,
                            62814.13217141992
                        ],
                        [
                            113991.774841813,
                            62814.62050545289
                        ],
                        [
                            113991.9721444029,
                            62815.10739113411
                        ],
                        [
                            113992.1754090618,
                            62815.59307754804
                        ],
                        [
                            113992.5964320989,
                            62816.56184889836
                        ],
                        [
                            113993.0311259494,
                            62817.5288121584
                        ],
                        [
                            113993.4727056389,
                            62818.49595999341
                        ],
                        [
                            113993.9143861932,
                            62819.46528505296
                        ],
                        [
                            113994.3493826369,
                            62820.4387800043
                        ],
                        [
                            113994.5622540128,
                            62820.92771389194
                        ],
                        [
                            113994.770909996,
                            62821.41843749797
                        ],
                        [
                            113994.9745070557,
                            62821.91119816364
                        ],
                        [
                            113995.172707991,
                            62822.40605081698
                        ],
                        [
                            113995.55551102,
                            62823.40075528945
                        ],
                        [
                            113995.9250311095,
                            62824.39979477195
                        ],
                        [
                            113996.6474969449,
                            62826.39969217818
                        ],
                        [
                            113997.0120799282,
                            62827.3949568056
                        ],
                        [
                            113997.386654447,
                            62828.38336985223
                        ],
                        [
                            113997.5795068506,
                            62828.87413308038
                        ],
                        [
                            113997.7770391202,
                            62829.36213466804
                        ],
                        [
                            113997.9799785829,
                            62829.84702503839
                        ],
                        [
                            113998.1890525663,
                            62830.32845460675
                        ],
                        [
                            113998.4049883974,
                            62830.80607379526
                        ],
                        [
                            113998.6285134042,
                            62831.27953302121
                        ],
                        [
                            113998.8603549133,
                            62831.74848270179
                        ],
                        [
                            113999.101152847,
                            62832.21261625306
                        ],
                        [
                            113999.3508665925,
                            62832.67196183111
                        ],
                        [
                            113999.6091364555,
                            62833.12670454831
                        ],
                        [
                            113999.8756009093,
                            62833.57703041657
                        ],
                        [
                            114000.1498984265,
                            62834.02312544469
                        ],
                        [
                            114000.4316674809,
                            62834.46517564847
                        ],
                        [
                            114000.7205465453,
                            62834.90336703479
                        ],
                        [
                            114001.016174093,
                            62835.33788562237
                        ],
                        [
                            114001.3181885972,
                            62835.76891741908
                        ],
                        [
                            114001.6262285309,
                            62836.19664843678
                        ],
                        [
                            114001.9399323674,
                            62836.62126468922
                        ],
                        [
                            114002.25893858,
                            62837.04295218819
                        ],
                        [
                            114002.5828856415,
                            62837.46189694364
                        ],
                        [
                            114002.9114120254,
                            62837.87828496834
                        ],
                        [
                            114003.2441562045,
                            62838.29230227409
                        ],
                        [
                            114003.9208518418,
                            62839.11396877897
                        ],
                        [
                            114004.6100803384,
                            62839.92838455295
                        ],
                        [
                            114005.3089494802,
                            62840.73703769147
                        ],
                        [
                            114006.0145670522,
                            62841.54141629119
                        ],
                        [
                            114006.7240408394,
                            62842.34300844468
                        ],
                        [
                            114008.1429882017,
                            62843.94378580403
                        ],
                        [
                            114008.8466788407,
                            62844.74594634906
                        ],
                        [
                            114009.5437339861,
                            62845.55066123238
                        ],
                        [
                            114010.9230363464,
                            62847.1642426822
                        ],
                        [
                            114012.2936276461,
                            62848.77606800542
                        ],
                        [
                            114012.9797939662,
                            62849.57858772802
                        ],
                        [
                            114013.6687473025,
                            62850.37738714561
                        ],
                        [
                            114014.3621425821,
                            62851.17137250581
                        ],
                        [
                            114015.0616347321,
                            62851.95945004931
                        ],
                        [
                            114015.768878583,
                            62852.74052608748
                        ],
                        [
                            114016.4850888226,
                            62853.51381883891
                        ],
                        [
                            114017.2100270712,
                            62854.27957624268
                        ],
                        [
                            114017.9431555095,
                            62855.03825843435
                        ],
                        [
                            114018.6839363176,
                            62855.79032555345
                        ],
                        [
                            114019.431831676,
                            62856.53623772866
                        ],
                        [
                            114020.1863037655,
                            62857.27645510045
                        ],
                        [
                            114020.9468147665,
                            62858.01143780249
                        ],
                        [
                            114021.712826859,
                            62858.74164597224
                        ],
                        [
                            114022.4838022241,
                            62859.46753974536
                        ],
                        [
                            114023.2592030423,
                            62860.18957925932
                        ],
                        [
                            114024.0384914937,
                            62860.90822464777
                        ],
                        [
                            114025.6065800184,
                            62862.33717359235
                        ],
                        [
                            114027.1837652427,
                            62863.75806766463
                        ],
                        [
                            114028.7657446103,
                            62865.17458795715
                        ],
                        [
                            114030.348215565,
                            62866.59041555546
                        ],
                        [
                            114031.9268755508,
                            62868.00923154509
                        ],
                        [
                            114033.4974220117,
                            62869.43471701267
                        ],
                        [
                            114034.2783081217,
                            62870.1511111429
                        ],
                        [
                            114035.0555523917,
                            62870.87055304764
                        ],
                        [
                            114035.8286170023,
                            62871.59350286732
                        ],
                        [
                            114036.5969641345,
                            62872.3204207366
                        ],
                        [
                            114037.3600559682,
                            62873.05176679002
                        ],
                        [
                            114038.117354684,
                            62873.78800116415
                        ],
                        [
                            114038.8683224625,
                            62874.52958399456
                        ],
                        [
                            114039.6124214843,
                            62875.27697541978
                        ],
                        [
                            114040.3491139299,
                            62876.0306355744
                        ],
                        [
                            114041.0778619793,
                            62876.79102459006
                        ],
                        [
                            114041.7981278135,
                            62877.55860260631
                        ],
                        [
                            114042.5093807936,
                            62878.33382379424
                        ],
                        [
                            114043.2114429279,
                            62879.11684941376
                        ],
                        [
                            114043.9046420603,
                            62879.90742056313
                        ],
                        [
                            114044.5893451081,
                            62880.70524588462
                        ],
                        [
                            114045.2659189884,
                            62881.51003402936
                        ],
                        [
                            114045.934730619,
                            62882.32149364158
                        ],
                        [
                            114046.5961469163,
                            62883.13933336946
                        ],
                        [
                            114047.2505347985,
                            62883.96326185528
                        ],
                        [
                            114047.8982611827,
                            62884.79298774822
                        ],
                        [
                            114048.539692986,
                            62885.62821969151
                        ],
                        [
                            114049.1751971256,
                            62886.46866633435
                        ],
                        [
                            114049.805140519,
                            62887.31403631897
                        ],
                        [
                            114050.4298900836,
                            62888.16403829556
                        ],
                        [
                            114051.0498127366,
                            62889.01838090738
                        ],
                        [
                            114051.6652753952,
                            62889.87677280251
                        ],
                        [
                            114052.2766449769,
                            62890.73892262338
                        ],
                        [
                            114052.8842883988,
                            62891.60453902105
                        ],
                        [
                            114054.0898644331,
                            62893.34500612075
                        ],
                        [
                            114055.2849388361,
                            62895.09584326647
                        ],
                        [
                            114056.4724469467,
                            62896.85471963281
                        ],
                        [
                            114058.8365056435,
                            62900.3872666844
                        ],
                        [
                            114061.2055232315,
                            62903.92400062709
                        ],
                        [
                            114062.3992299558,
                            62905.68811060051
                        ],
                        [
                            114063.6029824179,
                            62907.44627479985
                        ],
                        [
                            114064.8197149999,
                            62909.19616222792
                        ],
                        [
                            114065.4338131948,
                            62910.06726462101
                        ],
                        [
                            114066.0520773816,
                            62910.93539268923
                        ],
                        [
                            114066.6747411766,
                            62911.80023204484
                        ],
                        [
                            114067.3020381963,
                            62912.66146829612
                        ],
                        [
                            114067.9342020569,
                            62913.5187870534
                        ],
                        [
                            114068.5714663757,
                            62914.37187392691
                        ],
                        [
                            114069.2140647682,
                            62915.22041452592
                        ],
                        [
                            114069.8622308518,
                            62916.06409446466
                        ],
                        [
                            114070.5161982426,
                            62916.90259934854
                        ],
                        [
                            114071.1762005567,
                            62917.73561478973
                        ],
                        [
                            114071.8424714113,
                            62918.56282639849
                        ],
                        [
                            114072.5152444225,
                            62919.38391978511
                        ],
                        [
                            114073.1947532067,
                            62920.19858056188
                        ],
                        [
                            114073.8812313807,
                            62921.00649433116
                        ],
                        [
                            114074.5749125609,
                            62921.80734671305
                        ],
                        [
                            114075.2760303638,
                            62922.60082331289
                        ],
                        [
                            114075.9848184057,
                            62923.38660974001
                        ],
                        [
                            114076.7015103035,
                            62924.16439160668
                        ],
                        [
                            114077.4263396732,
                            62924.9338545221
                        ],
                        [
                            114078.1595401315,
                            62925.69468409754
                        ],
                        [
                            114078.9013452953,
                            62926.44656594139
                        ],
                        [
                            114079.6519887804,
                            62927.1891856658
                        ],
                        [
                            114080.4117042038,
                            62927.92222887718
                        ],
                        [
                            114081.1807251816,
                            62928.64538119459
                        ],
                        [
                            114081.9592853308,
                            62929.35832821654
                        ],
                        [
                            114082.7476182676,
                            62930.06075556013
                        ],
                        [
                            114083.5459575407,
                            62930.75234890403
                        ],
                        [
                            114084.3543412241,
                            62931.43298606532
                        ],
                        [
                            114085.1721831656,
                            62932.10315847442
                        ],
                        [
                            114085.998772874,
                            62932.76347977708
                        ],
                        [
                            114086.8333998595,
                            62933.41456362112
                        ],
                        [
                            114087.6753536317,
                            62934.05702365128
                        ],
                        [
                            114088.5239237,
                            62934.6914735153
                        ],
                        [
                            114089.3783995749,
                            62935.31852685792
                        ],
                        [
                            114090.2380707653,
                            62935.93879732994
                        ],
                        [
                            114091.1022267813,
                            62936.55289857309
                        ],
                        [
                            114091.9701571329,
                            62937.16144424009
                        ],
                        [
                            114092.8411513292,
                            62937.7650479708
                        ],
                        [
                            114094.5894892958,
                            62938.9598842201
                        ],
                        [
                            114096.3415567589,
                            62940.14231649709
                        ],
                        [
                            114098.0916841936,
                            62941.31724721355
                        ],
                        [
                            114099.8369386463,
                            62942.48829365399
                        ],
                        [
                            114103.3257103073,
                            62944.82164408555
                        ],
                        [
                            114105.0768437809,
                            62945.98485127226
                        ],
                        [
                            114106.8375531939,
                            62947.14634856632
                        ],
                        [
                            114108.6116466787,
                            62948.30658757134
                        ],
                        [
                            114109.5049024898,
                            62948.88637633699
                        ],
                        [
                            114110.4029323682,
                            62949.46601988216
                        ],
                        [
                            114111.3062123311,
                            62950.04557465099
                        ],
                        [
                            114112.215218395,
                            62950.62509709556
                        ],
                        [
                            114113.130411461,
                            62951.20450705086
                        ],
                        [
                            114114.0520311843,
                            62951.78172465483
                        ],
                        [
                            114114.9801493859,
                            62952.3531531116
                        ],
                        [
                            114115.914833712,
                            62952.91515789044
                        ],
                        [
                            114116.8561518075,
                            62953.4641044508
                        ],
                        [
                            114117.3293196581,
                            62953.73254511148
                        ],
                        [
                            114117.8041713182,
                            62953.99635826684
                        ],
                        [
                            114118.2807152432,
                            62954.25508959618
                        ],
                        [
                            114118.7589598894,
                            62954.50828478927
                        ],
                        [
                            114119.238913712,
                            62954.75548952817
                        ],
                        [
                            114119.7205851668,
                            62954.99624949208
                        ],
                        [
                            114120.2039827095,
                            62955.23011036695
                        ],
                        [
                            114120.6891147956,
                            62955.45661783391
                        ],
                        [
                            114121.1759898812,
                            62955.67531757786
                        ],
                        [
                            114121.6646164216,
                            62955.88575528094
                        ],
                        [
                            114122.1550028725,
                            62956.08747662619
                        ],
                        [
                            114122.64715769,
                            62956.28002729863
                        ],
                        [
                            114123.1410893292,
                            62956.46295297831
                        ],
                        [
                            114123.6368062464,
                            62956.63579934928
                        ],
                        [
                            114124.1343168967,
                            62956.79811209267
                        ],
                        [
                            114124.6336297362,
                            62956.94943689438
                        ],
                        [
                            114125.1347532205,
                            62957.0893194375
                        ],
                        [
                            114125.637695805,
                            62957.21730540214
                        ],
                        [
                            114126.1424659457,
                            62957.33294047525
                        ],
                        [
                            114126.6490720981,
                            62957.43577033598
                        ],
                        [
                            114126.6807961372,
                            62957.44176165907
                        ],
                        [
                            114126.6859950184,
                            62957.44338752485
                        ],
                        [
                            114126.6788462587,
                            62957.44565421526
                        ],
                        [
                            114126.6645890689,
                            62957.45032258822
                        ],
                        [
                            114126.6080883402,
                            62957.47076509574
                        ],
                        [
                            114126.4975114146,
                            62957.51979060507
                        ],
                        [
                            114126.3899415231,
                            62957.57895057901
                        ],
                        [
                            114126.2851078561,
                            62957.64738158292
                        ],
                        [
                            114126.1827396029,
                            62957.72422018417
                        ],
                        [
                            114126.0825659537,
                            62957.80860294716
                        ],
                        [
                            114125.9843160985,
                            62957.89966643728
                        ],
                        [
                            114125.887719227,
                            62957.99654722486
                        ],
                        [
                            114125.6984011944,
                            62958.20430694989
                        ],
                        [
                            114125.5124453755,
                            62958.42497465129
                        ],
                        [
                            114125.1419544547,
                            62958.87740410322
                        ],
                        [
                            114124.9531970265,
                            62959.0956914191
                        ],
                        [
                            114124.7607526205,
                            62959.30423266991
                        ],
                        [
                            114124.5649159336,
                            62959.50369519414
                        ],
                        [
                            114124.3660002362,
                            62959.69480348675
                        ],
                        [
                            114124.1643187971,
                            62959.87828204659
                        ],
                        [
                            114123.9601848848,
                            62960.05485536463
                        ],
                        [
                            114123.7539117695,
                            62960.22524793778
                        ],
                        [
                            114123.5458127193,
                            62960.39018425805
                        ],
                        [
                            114123.1253898926,
                            62960.70658612636
                        ],
                        [
                            114122.7014225572,
                            62961.00985692509
                        ],
                        [
                            114121.8528789729,
                            62961.60018915023
                        ],
                        [
                            114121.4333150299,
                            62961.89884249054
                        ],
                        [
                            114121.0202311903,
                            62962.20754859882
                        ],
                        [
                            114120.8168989778,
                            62962.36747256026
                        ],
                        [
                            114120.6159943577,
                            62962.5317015031
                        ],
                        [
                            114120.4175452774,
                            62962.70013637681
                        ],
                        [
                            114120.2215698105,
                            62962.87264963456
                        ],
                        [
                            114120.0280860296,
                            62963.04911373149
                        ],
                        [
                            114119.8371120081,
                            62963.22940111672
                        ],
                        [
                            114119.4627655371,
                            62963.60093555996
                        ],
                        [
                            114119.0986749841,
                            62963.98623258542
                        ],
                        [
                            114118.7449849354,
                            62964.38427181037
                        ],
                        [
                            114118.4018399774,
                            62964.79403285305
                        ],
                        [
                            114118.0693846966,
                            62965.21449533074
                        ],
                        [
                            114117.747763679,
                            62965.64463885772
                        ],
                        [
                            114117.4371215115,
                            62966.0834430581
                        ],
                        [
                            114117.1376027802,
                            62966.52988754523
                        ],
                        [
                            114116.8493520713,
                            62966.98295193637
                        ],
                        [
                            114116.5725139718,
                            62967.44161585171
                        ],
                        [
                            114116.3070769271,
                            62967.90483930019
                        ],
                        [
                            114116.0512108958,
                            62968.37135399738
                        ],
                        [
                            114115.8019110244,
                            62968.83974415821
                        ],
                        [
                            114115.3109117345,
                            62969.77647784359
                        ],
                        [
                            114115.0631633039,
                            62970.2419848663
                        ],
                        [
                            114114.8098830082,
                            62970.70369433915
                        ],
                        [
                            114114.5480463413,
                            62971.16018800634
                        ],
                        [
                            114114.2747161933,
                            62971.61009236908
                        ],
                        [
                            114113.9893728346,
                            62972.0532717591
                        ],
                        [
                            114113.6941644617,
                            62972.49095663467
                        ],
                        [
                            114113.3913769326,
                            62972.92444794339
                        ],
                        [
                            114113.0832961042,
                            62973.35504663475
                        ],
                        [
                            114112.4603979778,
                            62974.21276995372
                        ],
                        [
                            114112.1501523943,
                            62974.64249647745
                        ],
                        [
                            114111.8437569404,
                            62975.07453417502
                        ],
                        [
                            114111.5434974725,
                            62975.51018399503
                        ],
                        [
                            114111.2516598483,
                            62975.95074688501
                        ],
                        [
                            114110.9701507557,
                            62976.39730696621
                        ],
                        [
                            114110.6988780577,
                            62976.84980535786
                        ],
                        [
                            114110.4370933402,
                            62977.30780788662
                        ],
                        [
                            114110.1840478007,
                            62977.7708801615
                        ],
                        [
                            114109.9389926377,
                            62978.23858778649
                        ],
                        [
                            114109.7011790488,
                            62978.7104963735
                        ],
                        [
                            114109.4698582318,
                            62979.18617152561
                        ],
                        [
                            114109.2442813846,
                            62979.66517884982
                        ],
                        [
                            114109.0236997052,
                            62980.14708395606
                        ],
                        [
                            114108.8073643917,
                            62980.63145245229
                        ],
                        [
                            114108.3844376526,
                            62981.60584203686
                        ],
                        [
                            114107.9695107505,
                            62982.58487246344
                        ],
                        [
                            114107.8663269976,
                            62982.82994795549
                        ],
                        [
                            114107.8405397136,
                            62982.89122185266
                        ],
                        [
                            114107.8340930338,
                            62982.90654040723
                        ],
                        [
                            114107.8324813664,
                            62982.91037004701
                        ],
                        [
                            114107.8316755328,
                            62982.91228486644
                        ],
                        [
                            114107.8312726161,
                            62982.91324227617
                        ],
                        [
                            114107.821183268,
                            62982.97860272166
                        ],
                        [
                            114107.6618529599,
                            62983.99537391669
                        ],
                        [
                            114107.4944799584,
                            62985.011398159
                        ],
                        [
                            114107.3190674679,
                            62986.02658038955
                        ],
                        [
                            114107.1356201856,
                            62987.04082551792
                        ],
                        [
                            114106.9441443047,
                            62988.05403845558
                        ],
                        [
                            114106.7446475146,
                            62989.0661241344
                        ],
                        [
                            114106.537139003,
                            62990.07698754402
                        ],
                        [
                            114106.3216294546,
                            62991.08653376118
                        ],
                        [
                            114106.0981310514,
                            62992.09466797722
                        ],
                        [
                            114105.8666574706,
                            62993.10129552255
                        ],
                        [
                            114105.6272238843,
                            62994.10632191473
                        ],
                        [
                            114105.3798469539,
                            62995.10965286141
                        ],
                        [
                            114105.1245448297,
                            62996.11119430752
                        ],
                        [
                            114104.8613371443,
                            62997.11085246356
                        ],
                        [
                            114104.5902450094,
                            62998.10853383034
                        ],
                        [
                            114104.3112910097,
                            62999.10414522149
                        ],
                        [
                            114104.0244991971,
                            63000.0975938124
                        ],
                        [
                            114103.7298950822,
                            63001.08878714355
                        ],
                        [
                            114103.4275056302,
                            63002.07763317422
                        ],
                        [
                            114103.1173592488,
                            63003.06404029251
                        ],
                        [
                            114102.7994857816,
                            63004.04791735159
                        ],
                        [
                            114102.4739164981,
                            63005.02917369938
                        ],
                        [
                            114102.1406840833,
                            63006.00771919805
                        ],
                        [
                            114101.7998226266,
                            63006.98346425757
                        ],
                        [
                            114101.4513676113,
                            63007.95631986624
                        ],
                        [
                            114101.0953559011,
                            63008.9261976162
                        ],
                        [
                            114100.7318257288,
                            63009.89300971933
                        ],
                        [
                            114100.3608166801,
                            63010.85666904263
                        ],
                        [
                            114099.9823696847,
                            63011.81708914461
                        ],
                        [
                            114099.5965269956,
                            63012.77418428133
                        ],
                        [
                            114099.2033321789,
                            63013.72786943801
                        ],
                        [
                            114098.8028300951,
                            63014.67806036129
                        ],
                        [
                            114098.3950668847,
                            63015.62467358423
                        ],
                        [
                            114097.9800899491,
                            63016.56762643307
                        ],
                        [
                            114097.5579479357,
                            63017.50683706575
                        ],
                        [
                            114097.128690718,
                            63018.44222449957
                        ],
                        [
                            114096.9937970912,
                            63018.78159320523
                        ],
                        [
                            114096.7704078376,
                            63019.36365529444
                        ],
                        [
                            114096.3219100897,
                            63020.52713675419
                        ],
                        [
                            114095.4180463047,
                            63022.85150514833
                        ],
                        [
                            114094.5050415602,
                            63025.17236916306
                        ],
                        [
                            114093.5829163381,
                            63027.48967491172
                        ],
                        [
                            114092.651691545,
                            63029.80336867608
                        ],
                        [
                            114091.7113885077,
                            63032.11339689735
                        ],
                        [
                            114090.762028974,
                            63034.41970619005
                        ],
                        [
                            114089.8036351091,
                            63036.72224333903
                        ],
                        [
                            114088.8362294957,
                            63039.0209553103
                        ],
                        [
                            114087.8598351297,
                            63041.31578924017
                        ],
                        [
                            114087.3682744645,
                            63042.4617354733
                        ],
                        [
                            114087.1306213647,
                            63043.01384512399
                        ],
                        [
                            114087.1220603445,
                            63043.04161459278
                        ],
                        [
                            114087.0875342416,
                            63043.1526661068
                        ],
                        [
                            114087.0171273881,
                            63043.37463408947
                        ],
                        [
                            114086.870888022,
                            63043.81795571715
                        ],
                        [
                            114086.7174039133,
                            63044.26031614366
                        ],
                        [
                            114086.5566669669,
                            63044.70154369499
                        ],
                        [
                            114086.3886743557,
                            63045.14146552867
                        ],
                        [
                            114086.2134285998,
                            63045.57990782961
                        ],
                        [
                            114086.0309376371,
                            63046.01669601164
                        ],
                        [
                            114085.8412148835,
                            63046.45165492853
                        ],
                        [
                            114085.6442792875,
                            63046.8846090715
                        ],
                        [
                            114085.440155371,
                            63047.3153827991
                        ],
                        [
                            114085.2288732621,
                            63047.74380055556
                        ],
                        [
                            114085.0104687189,
                            63048.16968707354
                        ],
                        [
                            114084.784983141,
                            63048.59286761785
                        ],
                        [
                            114084.5524635722,
                            63049.01316818964
                        ],
                        [
                            114084.3129626904,
                            63049.4304157801
                        ],
                        [
                            114084.0665387897,
                            63049.84443856293
                        ],
                        [
                            114083.8132557494,
                            63050.2550661475
                        ],
                        [
                            114083.5531829931,
                            63050.66212979106
                        ],
                        [
                            114083.2863954363,
                            63051.06546262073
                        ],
                        [
                            114083.0129734235,
                            63051.46489986442
                        ],
                        [
                            114082.733002656,
                            63051.86027907224
                        ],
                        [
                            114082.4465741062,
                            63052.25144031238
                        ],
                        [
                            114082.1537839245,
                            63052.63822641505
                        ],
                        [
                            114081.8547333321,
                            63053.020483152
                        ],
                        [
                            114081.5495285093,
                            63053.39805945936
                        ],
                        [
                            114081.238280468,
                            63053.77080762183
                        ],
                        [
                            114080.92110492,
                            63054.13858348398
                        ],
                        [
                            114080.5981221317,
                            63054.50124661539
                        ],
                        [
                            114080.2694567725,
                            63054.85866049653
                        ],
                        [
                            114079.9352377571,
                            63055.21069270239
                        ],
                        [
                            114079.5955980721,
                            63055.55721503472
                        ],
                        [
                            114079.2506746068,
                            63055.89810371889
                        ],
                        [
                            114078.9006079649,
                            63056.23323951925
                        ],
                        [
                            114078.5455422787,
                            63056.56250787934
                        ],
                        [
                            114078.1856250121,
                            63056.8857990629
                        ],
                        [
                            114077.8210067624,
                            63057.20300826386
                        ],
                        [
                            114077.4518410522,
                            63057.51403571012
                        ],
                        [
                            114077.0782841238,
                            63057.8187867687
                        ],
                        [
                            114076.7004947218,
                            63058.11717203104
                        ],
                        [
                            114076.3186338789,
                            63058.40910738689
                        ],
                        [
                            114075.9328646991,
                            63058.69451409489
                        ],
                        [
                            114075.5433521339,
                            63058.97331883679
                        ],
                        [
                            114075.1502627614,
                            63059.24545375498
                        ],
                        [
                            114074.7537645657,
                            63059.51085650466
                        ],
                        [
                            114074.3540267126,
                            63059.76947025302
                        ],
                        [
                            114073.9512193273,
                            63060.02124371388
                        ],
                        [
                            114073.5455132749,
                            63060.26613114008
                        ],
                        [
                            114073.1370799395,
                            63060.50409231087
                        ],
                        [
                            114072.7260910085,
                            63060.73509253509
                        ],
                        [
                            114072.312718256,
                            63060.95910258864
                        ],
                        [
                            114071.897133334,
                            63061.17609871352
                        ],
                        [
                            114071.4795075631,
                            63061.38606254942
                        ],
                        [
                            114071.0600117292,
                            63061.5889810778
                        ],
                        [
                            114070.9551859591,
                            63061.63864060744
                        ],
                        [
                            114070.8806882767,
                            63061.69109185666
                        ],
                        [
                            114070.7316929117,
                            63061.79599435409
                        ],
                        [
                            114061.1959895491,
                            63068.50975421645
                        ],
                        [
                            114056.428137868,
                            63071.86663414423
                        ],
                        [
                            114054.0442120272,
                            63073.54507411299
                        ],
                        [
                            114052.8522491068,
                            63074.38429409446
                        ],
                        [
                            114052.2562676467,
                            63074.80390408418
                        ],
                        [
                            114052.1072722816,
                            63074.90880658261
                        ],
                        [
                            114052.0327745992,
                            63074.96125783181
                        ],
                        [
                            114051.995525758,
                            63074.98748345495
                        ],
                        [
                            114051.9760142598,
                            63074.99870107423
                        ],
                        [
                            114051.8993017843,
                            63074.88771171737
                        ],
                        [
                            114050.6719021761,
                            63073.11188199836
                        ],
                        [
                            114011.3951147087,
                            63016.28533100201
                        ],
                        [
                            113991.7567209751,
                            62987.87205550579
                        ],
                        [
                            113981.9375241079,
                            62973.66541775573
                        ],
                        [
                            113977.0279256746,
                            62966.56209888072
                        ],
                        [
                            113974.5731264578,
                            62963.01043944561
                        ],
                        [
                            113973.9594266535,
                            62962.12252458467
                        ],
                        [
                            113973.8060017025,
                            62961.90054586793
                        ],
                        [
                            113973.672342681,
                            62962.03294302803
                        ],
                        [
                            113973.4052474281,
                            62962.30173164961
                        ],
                        [
                            113972.3368664154,
                            62963.37688613688
                        ],
                        [
                            113938.148674014,
                            62997.78182981818
                        ],
                        [
                            113921.0545778131,
                            63014.98430165688
                        ],
                        [
                            113912.507529713,
                            63023.58553757573
                        ],
                        [
                            113908.2340056626,
                            63027.8861555366
                        ],
                        [
                            113906.0972436377,
                            63030.03646451608
                        ],
                        [
                            113905.8301483844,
                            63030.3052531396
                        ],
                        [
                            113905.7633745712,
                            63030.37245029404
                        ],
                        [
                            113905.6709222398,
                            63030.46876221709
                        ],
                        [
                            113905.4840062442,
                            63030.66366655417
                        ],
                        [
                            113904.7363422618,
                            63031.44328389276
                        ],
                        [
                            113903.2410142968,
                            63033.00251856697
                        ],
                        [
                            113855.3905194185,
                            63082.89802820344
                        ],
                        [
                            113831.465271979,
                            63107.84578302317
                        ],
                        [
                            113819.5026482594,
                            63120.31966043252
                        ],
                        [
                            113813.5213363994,
                            63126.55659913524
                        ],
                        [
                            113810.5306804698,
                            63129.67506848757
                        ],
                        [
                            113810.515393411,
                            63129.68372646553
                        ],
                        [
                            113810.5054662974,
                            63129.68629609343
                        ],
                        [
                            113810.4856120701,
                            63129.69143535411
                        ],
                        [
                            113810.4459036154,
                            63129.70171387259
                        ],
                        [
                            113810.3664867062,
                            63129.72227090851
                        ],
                        [
                            113810.2076528876,
                            63129.76338498332
                        ],
                        [
                            113805.1249707004,
                            63131.0790353104
                        ],
                        [
                            113802.5836296066,
                            63131.73686047297
                        ],
                        [
                            113801.3129590596,
                            63132.06577305278
                        ],
                        [
                            113800.6776237861,
                            63132.23022934513
                        ],
                        [
                            113800.5187899679,
                            63132.27134341701
                        ],
                        [
                            113800.4393730586,
                            63132.29190045197
                        ],
                        [
                            113800.4195188311,
                            63132.29703971363
                        ],
                        [
                            113800.4095917174,
                            63132.29960934348
                        ],
                        [
                            113800.3551123886,
                            63132.17609284987
                        ],
                        [
                            113800.1194307448,
                            63131.63175249965
                        ],
                        [
                            113798.2339775935,
                            63127.27702969589
                        ],
                        [
                            113768.0667271768,
                            63057.60146482811
                        ],
                        [
                            113752.9831019684,
                            63022.76368239519
                        ],
                        [
                            113745.4412893641,
                            63005.34479117631
                        ],
                        [
                            113741.6703830621,
                            62996.63534556978
                        ],
                        [
                            113740.7276564865,
                            62994.4579841689
                        ],
                        [
                            113740.4919748427,
                            62993.91364381572
                        ],
                        [
                            113740.3741340207,
                            62993.64147364307
                        ],
                        [
                            113740.3659846649,
                            62993.62162167208
                        ],
                        [
                            113740.3645666616,
                            62993.61718939592
                        ],
                        [
                            113740.3530626135,
                            62993.58171867361
                        ],
                        [
                            113740.3041769711,
                            62993.43966423534
                        ],
                        [
                            113740.2506349957,
                            62993.29748189014
                        ],
                        [
                            113740.192357565,
                            62993.1553745712
                        ],
                        [
                            113740.1292759857,
                            62993.01355400715
                        ],
                        [
                            113740.0613329059,
                            62992.872240183
                        ],
                        [
                            113739.9884832016,
                            62992.73166064786
                        ],
                        [
                            113739.9106948311,
                            62992.59204976634
                        ],
                        [
                            113739.8279496315,
                            62992.45364785923
                        ],
                        [
                            113739.7402440637,
                            62992.31670022902
                        ],
                        [
                            113739.6475898781,
                            62992.18145613728
                        ],
                        [
                            113739.5500146987,
                            62992.04816764969
                        ],
                        [
                            113739.4475625089,
                            62991.91708843157
                        ],
                        [
                            113739.3402940319,
                            62991.78847246185
                        ],
                        [
                            113739.2282869935,
                            62991.66257270516
                        ],
                        [
                            113739.1116362578,
                            62991.53963971371
                        ],
                        [
                            113738.9904538333,
                            62991.41992021749
                        ],
                        [
                            113738.8648687361,
                            62991.30365567591
                        ],
                        [
                            113738.735026714,
                            62991.19108086107
                        ],
                        [
                            113738.6010898252,
                            62991.08242240532
                        ],
                        [
                            113738.4632358723,
                            62990.97789743147
                        ],
                        [
                            113738.3216576967,
                            62990.87771219342
                        ],
                        [
                            113738.1765623338,
                            62990.78206079241
                        ],
                        [
                            113738.0281700426,
                            62990.69112398691
                        ],
                        [
                            113737.8767132096,
                            62990.60506807401
                        ],
                        [
                            113737.7224351497,
                            62990.52404390476
                        ],
                        [
                            113737.5655888035,
                            62990.44818598397
                        ],
                        [
                            113737.4064353592,
                            62990.3776117637
                        ],
                        [
                            113737.2452428053,
                            62990.31242100752
                        ],
                        [
                            113737.0822844336,
                            62990.25269535051
                        ],
                        [
                            113736.9178373117,
                            62990.19849799396
                        ],
                        [
                            113736.7521807421,
                            62990.14987355567
                        ],
                        [
                            113736.5855947205,
                            62990.10684806794
                        ],
                        [
                            113736.4183584225,
                            62990.0694291304
                        ],
                        [
                            113736.2507487205,
                            62990.03760620628
                        ],
                        [
                            113736.0830387579,
                            62990.01135106861
                        ],
                        [
                            113735.9154965901,
                            62989.99061834722
                        ],
                        [
                            113735.7483839044,
                            62989.97534622041
                        ],
                        [
                            113735.5819548334,
                            62989.96545720427
                        ],
                        [
                            113735.4164548674,
                            62989.96085903774
                        ],
                        [
                            113735.2521198763,
                            62989.96144564123
                        ],
                        [
                            113735.0891752432,
                            62989.96709815242
                        ],
                        [
                            113734.9278351204,
                            62989.97768600909
                        ],
                        [
                            113734.7683017963,
                            62989.99306806098
                        ],
                        [
                            113734.6107651902,
                            62990.01309372875
                        ],
                        [
                            113734.4554024583,
                            62990.03760415551
                        ],
                        [
                            113734.3023777171,
                            62990.06643334792
                        ],
                        [
                            113734.1518418754,
                            62990.09940933917
                        ],
                        [
                            113734.0039325717,
                            62990.13635529267
                        ],
                        [
                            113733.8587742077,
                            62990.17709059348
                        ],
                        [
                            113733.7872619133,
                            62990.19882202829
                        ],
                        [
                            113733.7783738444,
                            62990.2016006975
                        ],
                        [
                            113733.7739340864,
                            62990.20299516358
                        ],
                        [
                            113733.7602318469,
                            62990.20878980065
                        ],
                        [
                            113733.3925832563,
                            62990.38043114419
                        ],
                        [
                            113732.6572860742,
                            62990.72371382642
                        ],
                        [
                            113729.7160973472,
                            62992.0968445592
                        ],
                        [
                            113723.8337198932,
                            62994.84310602675
                        ],
                        [
                            113712.0689649854,
                            63000.33562896378
                        ],
                        [
                            113688.5394551698,
                            63011.3206748349
                        ],
                        [
                            113641.480435538,
                            63033.29076657421
                        ],
                        [
                            113640.7451383564,
                            63033.63404926229
                        ],
                        [
                            113640.3774897655,
                            63033.80569060289
                        ],
                        [
                            113640.1936654699,
                            63033.89151127226
                        ],
                        [
                            113640.1057389915,
                            63033.92589634813
                        ],
                        [
                            113640.0639998735,
                            63033.86148763747
                        ],
                        [
                            113639.3961739834,
                            63032.83094829705
                        ],
                        [
                            113638.0605222039,
                            63030.76986962012
                        ],
                        [
                            113635.3892186448,
                            63026.64771226039
                        ],
                        [
                            113630.046611526,
                            63018.40339754485
                        ],
                        [
                            113619.361397289,
                            63001.91476811574
                        ],
                        [
                            113597.9909688147,
                            62968.93750924964
                        ],
                        [
                            113597.6570558703,
                            62968.42223958483
                        ],
                        [
                            113597.6153167518,
                            62968.35783087611
                        ],
                        [
                            113597.5687266653,
                            62968.28606429246
                        ],
                        [
                            113597.3020512405,
                            62967.87937625173
                        ],
                        [
                            113596.7687003912,
                            62967.06600017325
                        ],
                        [
                            113594.6352969939,
                            62963.81249585059
                        ],
                        [
                            113590.3684901994,
                            62957.30548720518
                        ],
                        [
                            113581.8348766107,
                            62944.29146991734
                        ],
                        [
                            113564.7676494327,
                            62918.26343533776
                        ],
                        [
                            113530.6331950769,
                            62866.20736617853
                        ],
                        [
                            113462.3642863655,
                            62762.09522786113
                        ],
                        [
                            113461.830935516,
                            62761.2818517797
                        ],
                        [
                            113461.6950282008,
                            62761.07446802038
                        ],
                        [
                            113461.464649239,
                            62760.71856298568
                        ],
                        [
                            113461.0038913154,
                            62760.00675291128
                        ],
                        [
                            113459.1608596212,
                            62757.15951262747
                        ],
                        [
                            113455.4747962328,
                            62751.46503205885
                        ],
                        [
                            113448.1026694559,
                            62740.07607092061
                        ],
                        [
                            113433.3584159022,
                            62717.29814864129
                        ],
                        [
                            113401.8254233583,
                            62667.6153777999
                        ],
                        [
                            113344.8928945798,
                            62580.63061497299
                        ],
                        [
                            113227.1336912652,
                            62398.70821579595
                        ],
                        [
                            113232.4471407874,
                            62392.2514813984
                        ],
                        [
                            113235.1063043409,
                            62389.02015065415
                        ],
                        [
                            113236.4358861176,
                            62387.40448528202
                        ],
                        [
                            113237.100677006,
                            62386.5966525989
                        ],
                        [
                            113238.0657705141,
                            62385.9169913495
                        ]
                    ]
                ]
            }
        },
        {
            "type": "Feature",
            "id": "8",
            "properties": {
                "id": "8"
            },
            "geometry": {
                "type": "Polygon",
                "coordinates": [
                    [
                        [
                            112043.6142495454,
                            60908.30757605072
                        ],
                        [
                            111988.5485361698,
                            60991.47324001386
                        ],
                        [
                            111982.4147631865,
                            60986.90834327141
                        ],
                        [
                            111643.8978904803,
                            60836.92890893992
                        ],
                        [
                            111600.9712037174,
                            60816.7803201409
                        ],
                        [
                            111593.184708864,
                            60684.49638738476
                        ],
                        [
                            111763.8010605104,
                            60681.35348883068
                        ],
                        [
                            111929.628901754,
                            60742.89471851197
                        ],
                        [
                            112110.1492342452,
                            60800.78242619483
                        ],
                        [
                            112111.4116045696,
                            60808.56876294978
                        ],
                        [
                            112112.0419126221,
                            60814.62108141149
                        ],
                        [
                            112043.6142495454,
                            60908.30757605072
                        ]
                    ]
                ]
            }
        },
        {
            "type": "Feature",
            "id": "9",
            "properties": {
                "id": "9"
            },
            "geometry": {
                "type": "Polygon",
                "coordinates": [
                    [
                        [
                            111740.1609674432,
                            60426.932263553
                        ],
                        [
                            111752.9365022785,
                            60418.76414053143
                        ],
                        [
                            111773.4509716477,
                            60392.64132904591
                        ],
                        [
                            111777.7869621145,
                            60384.95752366566
                        ],
                        [
                            111780.3839884677,
                            60385.68198467977
                        ],
                        [
                            111792.503116901,
                            60391.50819929671
                        ],
                        [
                            111813.0919142864,
                            60404.85207412737
                        ],
                        [
                            111829.9261017497,
                            60415.76224952311
                        ],
                        [
                            111843.0376496768,
                            60424.2511463729
                        ],
                        [
                            111867.0623196702,
                            60440.04932395536
                        ],
                        [
                            111880.6592545055,
                            60448.96962365766
                        ],
                        [
                            111897.3465236879,
                            60459.76856674033
                        ],
                        [
                            111917.8923258454,
                            60473.01552235063
                        ],
                        [
                            111938.4696875226,
                            60486.46202296673
                        ],
                        [
                            111967.1825323573,
                            60505.15559253626
                        ],
                        [
                            111986.1946316718,
                            60517.43436951866
                        ],
                        [
                            111999.5319381363,
                            60525.7866199489
                        ],
                        [
                            112012.8373001556,
                            60534.28892666415
                        ],
                        [
                            112029.6542162888,
                            60544.88970294404
                        ],
                        [
                            112043.047015535,
                            60553.29249827692
                        ],
                        [
                            112054.8299032137,
                            60560.80562812516
                        ],
                        [
                            112068.2939381396,
                            60569.30557692923
                        ],
                        [
                            112086.7447749634,
                            60581.07710417889
                        ],
                        [
                            112111.9863257053,
                            60596.98172465784
                        ],
                        [
                            112150.6473190901,
                            60621.43655503807
                        ],
                        [
                            112180.1116437958,
                            60640.02333614957
                        ],
                        [
                            112208.3382590664,
                            60657.97164148544
                        ],
                        [
                            112225.7405451452,
                            60668.73672562412
                        ],
                        [
                            112219.3445557942,
                            60667.75399739853
                        ],
                        [
                            112200.2813783829,
                            60696.1872557129
                        ],
                        [
                            112177.383241293,
                            60727.49466943391
                        ],
                        [
                            112126.0005367245,
                            60797.53756429639
                        ],
                        [
                            112123.7834842079,
                            60795.76716988341
                        ],
                        [
                            111944.9878073176,
                            60736.69827886783
                        ],
                        [
                            111765.9816886327,
                            60672.76950926611
                        ],
                        [
                            111593.1236633741,
                            60673.22792811684
                        ],
                        [
                            111628.3995771632,
                            60574.73820158108
                        ],
                        [
                            111668.5211153866,
                            60508.98605607141
                        ],
                        [
                            111707.0514056372,
                            60464.61581736598
                        ],
                        [
                            111732.4653504965,
                            60439.51668587284
                        ],
                        [
                            111740.1609674432,
                            60426.932263553
                        ]
                    ]
                ]
            }
        }
    ]
}